id,nome,ruolo,ruolo_mantra,squadra,qi,qa,fvm,qi_mantra,qa_mantra,fvm_mantra,presenze_pct,probabile,probabile_pct,probabile_status,url,season
2764,Martinez L.,A,PC,INT,34,33,315,34,33,315,79,True,90,titolare,https://www.fantacalcio.it/serie-a/squadre/inter/martinez-l/2764/2025-26,2025-26
4871,Thuram,A,PC,INT,29,32,270,29,32,270,76,False,60,panchina,https://www.fantacalcio.it/serie-a/squadre/inter/thuram/4871/2025-26,2025-26
254,Dimarco,D,E,INT,19,30,320,18,30,320,92,True,90,titolare,https://www.fantacalcio.it/serie-a/squadre/inter/dimarco/254/2025-26,2025-26
6052,Hojlund,A,PC,NAP,24,27,213,24,27,213,87,True,90,titolare,https://www.fantacalcio.it/serie-a/squadre/napoli/hojlund/6052/2025-26,2025-26
7017,Douvikas,A,PC,COM,8,26,200,7,26,200,95,True,90,titolare,https://www.fantacalcio.it/serie-a/squadre/como/douvikas/7017/2025-26,2025-26
6875,Paz N.,C,T/A,COM,20,26,245,20,26,245,92,True,90,titolare,https://www.fantacalcio.it/serie-a/squadre/como/paz-n/6875/2025-26,2025-26
6434,Yildiz,A,A,JUV,24,26,182,25,26,182,92,,,,https://www.fantacalcio.it/serie-a/squadre/juventus/yildiz/6434/2025-26,2025-26
531,Berardi,A,A,SAS,21,25,90,21,25,90,68,False,55,panchina,https://www.fantacalcio.it/serie-a/squadre/sassuolo/berardi/531/2025-26,2025-26
5585,Malen,A,A,ROM,14,25,350,14,25,350,47,True,90,titolare,https://www.fantacalcio.it/serie-a/squadre/roma/malen/5585/2025-26,2025-26
4777,McTominay,C,C/T,NAP,26,25,215,26,25,215,87,True,90,titolare,https://www.fantacalcio.it/serie-a/squadre/napoli/mctominay/4777/2025-26,2025-26
7126,Baturina,C,T,COM,9,24,95,8,24,95,66,True,60,titolare,https://www.fantacalcio.it/serie-a/squadre/como/baturina/7126/2025-26,2025-26
2194,Calhanoglu,C,M/C,INT,23,24,190,24,24,215,58,True,90,titolare,https://www.fantacalcio.it/serie-a/squadre/inter/calhanoglu/2194/2025-26,2025-26
5637,Davis K.,A,PC,UDI,12,24,110,11,24,110,79,True,100,titolare,https://www.fantacalcio.it/serie-a/squadre/udinese/davis-k/5637/2025-26,2025-26
6435,Krstovic,A,PC,ATA,20,24,95,20,24,92,84,False,60,panchina,https://www.fantacalcio.it/serie-a/squadre/atalanta/krstovic/6435/2025-26,2025-26
2423,Pulisic,C,T/A,MIL,28,24,100,28,24,100,71,False,55,panchina,https://www.fantacalcio.it/serie-a/squadre/milan/pulisic/2423/2025-26,2025-26
2379,Rabiot,C,C/T,MIL,23,23,195,23,23,195,76,False,60,panchina,https://www.fantacalcio.it/serie-a/squadre/milan/rabiot/2379/2025-26,2025-26
2137,Scamacca,A,PC,ATA,19,23,95,19,23,92,58,True,80,titolare,https://www.fantacalcio.it/serie-a/squadre/atalanta/scamacca/2137/2025-26,2025-26
505,Bonazzoli,A,A,CRE,1,22,40,1,22,40,92,,,,https://www.fantacalcio.it/serie-a/squadre/cremonese/bonazzoli/505/2025-26,2025-26
7071,Esposito F.P.,A,PC,INT,7,22,41,7,22,38,82,True,60,titolare,https://www.fantacalcio.it/serie-a/squadre/inter/esposito-f-p/7071/2025-26,2025-26
2061,Simeone,A,PC,TOR,8,22,99,7,23,96,84,True,100,titolare,https://www.fantacalcio.it/serie-a/squadre/torino/simeone/2061/2025-26,2025-26
2517,De Bruyne,C,T,NAP,23,21,92,22,22,92,45,False,60,panchina,https://www.fantacalcio.it/serie-a/squadre/napoli/de-bruyne/2517/2025-26,2025-26
4463,Esposito Se.,A,A,CAG,7,21,70,7,21,70,95,,,,https://www.fantacalcio.it/serie-a/squadre/cagliari/esposito-se/4463/2025-26,2025-26
6060,Laurientè,A,A,SAS,15,21,82,15,21,82,97,True,100,titolare,https://www.fantacalcio.it/serie-a/squadre/sassuolo/laurientè/6060/2025-26,2025-26
6908,Atta,C,C,UDI,6,20,85,6,20,85,84,True,100,titolare,https://www.fantacalcio.it/serie-a/squadre/udinese/atta/6908/2025-26,2025-26
6669,Bonny,A,PC,INT,5,20,15,5,20,12,71,False,55,panchina,https://www.fantacalcio.it/serie-a/squadre/inter/bonny/6669/2025-26,2025-26
2788,Bremer,D,DC,JUV,13,20,74,13,20,74,68,True,100,titolare,https://www.fantacalcio.it/serie-a/squadre/juventus/bremer/2788/2025-26,2025-26
5559,Da Cunha,C,C/W/T,COM,12,20,80,13,20,85,92,True,80,titolare,https://www.fantacalcio.it/serie-a/squadre/como/da-cunha/5559/2025-26,2025-26
4510,Leao,A,A,MIL,24,20,80,24,20,80,74,,,,https://www.fantacalcio.it/serie-a/squadre/milan/leao/4510/2025-26,2025-26
5734,Soulè,A,A,ROM,20,20,85,21,20,85,84,False,55,panchina,https://www.fantacalcio.it/serie-a/squadre/roma/soulè/5734/2025-26,2025-26
152,Zielinski,C,C/T,INT,4,20,60,4,20,60,79,True,55,titolare,https://www.fantacalcio.it/serie-a/squadre/inter/zielinski/152/2025-26,2025-26
5564,Ndoye,C,W,BOL,19,19,60,18,18,60,0,,,,https://www.fantacalcio.it/serie-a/squadre/bologna/ndoye/5564/2025-26,2025-26
2167,Orsolini,C,W/A,BOL,30,19,150,29,19,150,89,True,90,titolare,https://www.fantacalcio.it/serie-a/squadre/bologna/orsolini/2167/2025-26,2025-26
2766,Zaniolo,C,T/A,UDI,11,19,100,10,19,100,82,,,,https://www.fantacalcio.it/serie-a/squadre/udinese/zaniolo/2766/2025-26,2025-26
1870,Barella,C,C,INT,14,18,58,14,18,58,89,True,90,titolare,https://www.fantacalcio.it/serie-a/squadre/inter/barella/1870/2025-26,2025-26
4431,Carnesecchi,P,POR,ATA,14,18,80,14,18,80,97,True,90,titolare,https://www.fantacalcio.it/serie-a/squadre/atalanta/carnesecchi/4431/2025-26,2025-26
6226,Castellanos,A,PC,LAZ,21,18,65,21,18,65,29,,,,https://www.fantacalcio.it/serie-a/squadre/lazio/castellanos/6226/2025-26,2025-26
6884,Conceicao,C,W/A,JUV,18,18,65,17,18,65,79,True,100,titolare,https://www.fantacalcio.it/serie-a/squadre/juventus/conceicao/6884/2025-26,2025-26
4973,McKennie,C,M/C,JUV,10,18,107,11,18,127,89,,,,https://www.fantacalcio.it/serie-a/squadre/juventus/mckennie/4973/2025-26,2025-26
2606,Modric,C,C,MIL,12,18,90,12,18,90,87,True,100,titolare,https://www.fantacalcio.it/serie-a/squadre/milan/modric/2606/2025-26,2025-26
4728,Nkunku,A,A,MIL,20,18,43,20,18,43,68,,,,https://www.fantacalcio.it/serie-a/squadre/milan/nkunku/4728/2025-26,2025-26
7023,Pellegrino M.,A,PC,PAR,13,18,67,12,18,64,97,True,100,titolare,https://www.fantacalcio.it/serie-a/squadre/parma/pellegrino-m/7023/2025-26,2025-26
6572,Castro S.,A,PC,BOL,19,17,30,19,17,27,92,False,55,panchina,https://www.fantacalcio.it/serie-a/squadre/bologna/castro-s/6572/2025-26,2025-26
6717,Konè I.,C,M/C,SAS,6,17,67,7,18,77,92,,,,https://www.fantacalcio.it/serie-a/squadre/sassuolo/konè-i/6717/2025-26,2025-26
1933,Mandragora,C,M/C,FIO,14,17,60,14,17,70,89,False,55,panchina,https://www.fantacalcio.it/serie-a/squadre/fiorentina/mandragora/1933/2025-26,2025-26
2170,Milinkovic-Savic V.,P,POR,NAP,4,17,37,4,17,37,71,False,5,panchina,https://www.fantacalcio.it/serie-a/squadre/napoli/milinkovic-savic-v/2170/2025-26,2025-26
5022,Pavlovic,D,DC,MIL,7,17,60,7,17,60,89,True,100,titolare,https://www.fantacalcio.it/serie-a/squadre/milan/pavlovic/5022/2025-26,2025-26
5841,Svilar,P,POR,ROM,15,17,105,15,17,105,100,True,90,titolare,https://www.fantacalcio.it/serie-a/squadre/roma/svilar/5841/2025-26,2025-26
5687,Vlasic,C,T,TOR,15,17,100,14,17,100,97,True,100,titolare,https://www.fantacalcio.it/serie-a/squadre/torino/vlasic/5687/2025-26,2025-26
6646,Adams C.,A,A,TOR,14,16,23,14,16,23,84,True,100,titolare,https://www.fantacalcio.it/serie-a/squadre/torino/adams-c/6646/2025-26,2025-26
6966,Butez,P,POR,COM,10,16,95,10,16,95,100,True,90,titolare,https://www.fantacalcio.it/serie-a/squadre/como/butez/6966/2025-26,2025-26
5995,De Ketelaere,A,A,ATA,22,16,59,23,16,59,82,True,60,titolare,https://www.fantacalcio.it/serie-a/squadre/atalanta/de-ketelaere/5995/2025-26,2025-26
6398,Isaksen,C,W/A,LAZ,14,16,35,14,16,35,71,True,60,titolare,https://www.fantacalcio.it/serie-a/squadre/lazio/isaksen/6398/2025-26,2025-26
2097,Kean,A,PC,FIO,33,16,40,33,16,37,68,,,,https://www.fantacalcio.it/serie-a/squadre/fiorentina/kean/2097/2025-26,2025-26
6893,Kempf,D,DC,COM,5,16,18,5,16,18,76,False,35,panchina,https://www.fantacalcio.it/serie-a/squadre/como/kempf/6893/2025-26,2025-26
4312,Maignan,P,POR,MIL,16,16,88,16,16,88,97,True,100,titolare,https://www.fantacalcio.it/serie-a/squadre/milan/maignan/4312/2025-26,2025-26
4970,Messias,C,C/W,GEN,8,16,12,8,16,12,50,False,60,panchina,https://www.fantacalcio.it/serie-a/squadre/genoa/messias/4970/2025-26,2025-26
5455,Moreo,A,A,PIS,5,16,25,5,16,25,92,,,,https://www.fantacalcio.it/serie-a/squadre/pisa/moreo/5455/2025-26,2025-26
6832,Palestra,D,E,CAG,3,16,75,2,16,75,97,,,,https://www.fantacalcio.it/serie-a/squadre/cagliari/palestra/6832/2025-26,2025-26
2489,Pedro,A,A,LAZ,13,16,20,13,16,20,61,,,,https://www.fantacalcio.it/serie-a/squadre/lazio/pedro/2489/2025-26,2025-26
6151,Perrone,C,M/C,COM,8,16,50,9,16,60,95,True,90,titolare,https://www.fantacalcio.it/serie-a/squadre/como/perrone/6151/2025-26,2025-26
2038,Pinamonti,A,PC,SAS,16,16,55,16,16,52,89,False,60,panchina,https://www.fantacalcio.it/serie-a/squadre/sassuolo/pinamonti/2038/2025-26,2025-26
1852,Spinazzola,D,DS/E,NAP,7,16,33,7,16,33,79,True,75,titolare,https://www.fantacalcio.it/serie-a/squadre/napoli/spinazzola/1852/2025-26,2025-26
2369,Thauvin,A,A,UDI,16,16,64,16,16,64,0,,,,https://www.fantacalcio.it/serie-a/squadre/udinese/thauvin/2369/2025-26,2025-26
2499,Vardy,A,PC,CRE,15,16,32,15,16,29,76,,,,https://www.fantacalcio.it/serie-a/squadre/cremonese/vardy/2499/2025-26,2025-26
2841,Vlahovic,A,PC,JUV,24,16,100,24,16,100,47,,,,https://www.fantacalcio.it/serie-a/squadre/juventus/vlahovic/2841/2025-26,2025-26
6001,Banda,A,W/A,LEC,5,15,22,5,15,25,84,,,,https://www.fantacalcio.it/serie-a/squadre/lecce/banda/6001/2025-26,2025-26
6666,Bernabè,C,C,PAR,11,15,23,11,15,23,84,True,100,titolare,https://www.fantacalcio.it/serie-a/squadre/parma/bernabè/6666/2025-26,2025-26
6217,Bisseck,D,DC,INT,9,15,41,9,15,41,61,True,55,titolare,https://www.fantacalcio.it/serie-a/squadre/inter/bisseck/6217/2025-26,2025-26
5876,Di Gregorio,P,POR,JUV,16,15,30,16,15,30,79,,,,https://www.fantacalcio.it/serie-a/squadre/juventus/di-gregorio/5876/2025-26,2025-26
2134,Falcone,P,POR,LEC,6,15,35,6,15,35,100,True,90,titolare,https://www.fantacalcio.it/serie-a/squadre/lecce/falcone/2134/2025-26,2025-26
2531,Lukaku,A,PC,NAP,31,15,10,31,15,10,3,,,,https://www.fantacalcio.it/serie-a/squadre/napoli/lukaku/2531/2025-26,2025-26
4427,Malinovskyi,C,C/T,GEN,8,15,34,8,15,34,89,,,,https://www.fantacalcio.it/serie-a/squadre/genoa/malinovskyi/4427/2025-26,2025-26
2296,Mancini,D,DC,ROM,11,15,54,11,15,54,95,True,90,titolare,https://www.fantacalcio.it/serie-a/squadre/roma/mancini/2296/2025-26,2025-26
5750,Ostigard,D,DC,GEN,5,15,50,5,15,50,79,True,90,titolare,https://www.fantacalcio.it/serie-a/squadre/genoa/ostigard/5750/2025-26,2025-26
4371,Raspadori,A,A,ATA,13,15,37,13,15,37,34,True,60,titolare,https://www.fantacalcio.it/serie-a/squadre/atalanta/raspadori/4371/2025-26,2025-26
7129,Rodriguez Je.,A,W/A,COM,5,15,27,5,15,30,74,False,60,panchina,https://www.fantacalcio.it/serie-a/squadre/como/rodriguez-je/7129/2025-26,2025-26
6844,Rowe,C,W/T,BOL,14,15,49,14,15,51,74,True,55,titolare,https://www.fantacalcio.it/serie-a/squadre/bologna/rowe/6844/2025-26,2025-26
4892,Saelemaekers,C,E/W,MIL,12,15,36,14,15,39,92,False,55,panchina,https://www.fantacalcio.it/serie-a/squadre/milan/saelemaekers/4892/2025-26,2025-26
5526,Scalvini,D,DC,ATA,8,15,22,8,15,22,63,True,75,titolare,https://www.fantacalcio.it/serie-a/squadre/atalanta/scalvini/5526/2025-26,2025-26
5844,Thorstvedt,C,C/T,SAS,8,15,40,8,15,40,82,False,55,panchina,https://www.fantacalcio.it/serie-a/squadre/sassuolo/thorstvedt/5844/2025-26,2025-26
4220,Zambo Anguissa,C,M/C,NAP,15,15,20,16,16,25,47,True,55,titolare,https://www.fantacalcio.it/serie-a/squadre/napoli/zambo-anguissa/4220/2025-26,2025-26
4657,Celik,D,B/DD/E,ROM,7,14,14,8,14,17,84,True,100,titolare,https://www.fantacalcio.it/serie-a/squadre/roma/celik/4657/2025-26,2025-26
4923,Colombo,A,PC,GEN,12,14,37,11,14,34,97,True,90,titolare,https://www.fantacalcio.it/serie-a/squadre/genoa/colombo/4923/2025-26,2025-26
6684,Ekkelenkamp,C,C/T,UDI,10,14,51,10,14,51,82,True,100,titolare,https://www.fantacalcio.it/serie-a/squadre/udinese/ekkelenkamp/6684/2025-26,2025-26
4976,Kalulu,D,DD/DC,JUV,9,14,68,10,14,70,97,True,100,titolare,https://www.fantacalcio.it/serie-a/squadre/juventus/kalulu/4976/2025-26,2025-26
4730,Lookman,A,A,ATA,29,14,65,30,15,65,26,,,,https://www.fantacalcio.it/serie-a/squadre/atalanta/lookman/4730/2025-26,2025-26
2529,Mkhitaryan,C,C/T,INT,9,14,14,9,14,14,74,False,40,panchina,https://www.fantacalcio.it/serie-a/squadre/inter/mkhitaryan/2529/2025-26,2025-26
6556,Noslin,A,A,LAZ,7,14,24,7,14,24,61,False,55,panchina,https://www.fantacalcio.it/serie-a/squadre/lazio/noslin/6556/2025-26,2025-26
6462,Okoye,P,POR,UDI,6,14,14,6,14,14,79,True,100,titolare,https://www.fantacalcio.it/serie-a/squadre/udinese/okoye/6462/2025-26,2025-26
6552,Orban G.,A,PC,VER,15,14,15,15,14,12,74,,,,https://www.fantacalcio.it/serie-a/squadre/verona/orban-g/6552/2025-26,2025-26
6190,Pisilli,C,C,ROM,7,14,17,7,14,17,58,False,60,panchina,https://www.fantacalcio.it/serie-a/squadre/roma/pisilli/6190/2025-26,2025-26
6956,Solet,D,DC,UDI,11,14,55,11,14,55,89,True,100,titolare,https://www.fantacalcio.it/serie-a/squadre/udinese/solet/6956/2025-26,2025-26
7314,Taylor K.,C,C/T,LAZ,14,14,52,14,14,52,45,True,90,titolare,https://www.fantacalcio.it/serie-a/squadre/lazio/taylor-k/7314/2025-26,2025-26
5562,Thuram K.,C,M/C,JUV,16,14,41,17,14,46,89,,,,https://www.fantacalcio.it/serie-a/squadre/juventus/thuram-k/5562/2025-26,2025-26
7181,Wesley,D,E,ROM,14,14,46,13,14,46,79,True,90,titolare,https://www.fantacalcio.it/serie-a/squadre/roma/wesley/7181/2025-26,2025-26
5422,Zalewski,C,E/W,ATA,6,14,19,6,14,19,82,False,60,panchina,https://www.fantacalcio.it/serie-a/squadre/atalanta/zalewski/5422/2025-26,2025-26
4159,Akanji,D,DC,INT,9,13,64,9,13,64,84,True,90,titolare,https://www.fantacalcio.it/serie-a/squadre/inter/akanji/4159/2025-26,2025-26
2120,Bastoni,D,DC,INT,16,13,40,16,13,40,74,True,90,titolare,https://www.fantacalcio.it/serie-a/squadre/inter/bastoni/2120/2025-26,2025-26
184,Bernardeschi,C,W/A,BOL,9,13,33,8,13,35,63,False,60,panchina,https://www.fantacalcio.it/serie-a/squadre/bologna/bernardeschi/184/2025-26,2025-26
5036,Caqueret,C,C/T,COM,12,13,18,12,13,18,74,False,55,panchina,https://www.fantacalcio.it/serie-a/squadre/como/caqueret/5036/2025-26,2025-26
5888,Casadei,C,C/T,TOR,12,13,20,12,13,20,84,,,,https://www.fantacalcio.it/serie-a/squadre/torino/casadei/5888/2025-26,2025-26
5504,Coulibaly L.,C,M/C,LEC,7,13,21,8,13,26,87,True,90,titolare,https://www.fantacalcio.it/serie-a/squadre/lecce/coulibaly-l/5504/2025-26,2025-26
779,Cristante,C,M/C,ROM,9,13,26,9,13,31,97,True,90,titolare,https://www.fantacalcio.it/serie-a/squadre/roma/cristante/779/2025-26,2025-26
5544,David,A,PC,JUV,27,13,28,27,13,25,79,True,100,titolare,https://www.fantacalcio.it/serie-a/squadre/juventus/david/5544/2025-26,2025-26
309,Dybala,A,A,ROM,26,13,50,27,13,50,55,True,90,titolare,https://www.fantacalcio.it/serie-a/squadre/roma/dybala/309/2025-26,2025-26
5792,Ederson D.S.,C,M/C,ATA,15,13,30,16,13,35,79,True,75,titolare,https://www.fantacalcio.it/serie-a/squadre/atalanta/ederson-d-s/5792/2025-26,2025-26
4364,Gaetano,C,T,CAG,8,13,15,7,13,13,84,True,55,titolare,https://www.fantacalcio.it/serie-a/squadre/cagliari/gaetano/4364/2025-26,2025-26
7162,Giovane,A,A,NAP,1,13,8,1,13,8,82,False,40,panchina,https://www.fantacalcio.it/serie-a/squadre/napoli/giovane/7162/2025-26,2025-26
5800,Gudmundsson A.,C,T/A,FIO,24,13,35,23,13,35,84,True,100,titolare,https://www.fantacalcio.it/serie-a/squadre/fiorentina/gudmundsson-a/5800/2025-26,2025-26
4186,Guendouzi,C,C,LAZ,11,13,20,11,13,20,42,,,,https://www.fantacalcio.it/serie-a/squadre/lazio/guendouzi/4186/2025-26,2025-26
4807,Hermoso,D,DC,ROM,3,13,25,3,13,25,71,True,90,titolare,https://www.fantacalcio.it/serie-a/squadre/roma/hermoso/4807/2025-26,2025-26
7199,Kilicsoy,A,A,CAG,6,13,7,6,13,7,42,,,,https://www.fantacalcio.it/serie-a/squadre/cagliari/kilicsoy/7199/2025-26,2025-26
5589,Konè M.,C,M/C,ROM,14,13,39,15,13,44,76,True,90,titolare,https://www.fantacalcio.it/serie-a/squadre/roma/konè-m/5589/2025-26,2025-26
7120,Lang,A,A,NAP,19,13,20,20,13,20,37,False,55,panchina,https://www.fantacalcio.it/serie-a/squadre/napoli/lang/7120/2025-26,2025-26
2765,Odgaard,C,T/A,BOL,16,13,14,15,13,14,58,True,75,titolare,https://www.fantacalcio.it/serie-a/squadre/bologna/odgaard/2765/2025-26,2025-26
530,Pellegrini Lo.,C,C/T,ROM,11,13,24,11,13,24,63,False,15,panchina,https://www.fantacalcio.it/serie-a/squadre/roma/pellegrini-lo/530/2025-26,2025-26
536,Politano,C,W,NAP,15,13,31,14,13,28,87,True,60,titolare,https://www.fantacalcio.it/serie-a/squadre/napoli/politano/536/2025-26,2025-26
6986,Rensch,D,B/DD/E,ROM,5,13,17,6,14,20,50,,,,https://www.fantacalcio.it/serie-a/squadre/roma/rensch/6986/2025-26,2025-26
2428,Sommer,P,POR,INT,16,13,60,16,13,60,87,,,,https://www.fantacalcio.it/serie-a/squadre/inter/sommer/2428/2025-26,2025-26
4486,Strefezza,C,W/A,PAR,10,13,50,10,13,50,37,,,,https://www.fantacalcio.it/serie-a/squadre/parma/strefezza/4486/2025-26,2025-26
449,Vazquez,C,T/A,CRE,10,13,11,10,13,11,34,,,,https://www.fantacalcio.it/serie-a/squadre/cremonese/vazquez/449/2025-26,2025-26
6164,Vitinha O.,A,PC,GEN,12,13,20,11,12,17,82,True,55,titolare,https://www.fantacalcio.it/serie-a/squadre/genoa/vitinha-o/6164/2025-26,2025-26
5735,Volpato,C,W/T,SAS,5,13,17,5,13,19,55,True,100,titolare,https://www.fantacalcio.it/serie-a/squadre/sassuolo/volpato/5735/2025-26,2025-26
632,Zaccagni,C,W/A,LAZ,26,13,25,25,12,25,68,True,90,titolare,https://www.fantacalcio.it/serie-a/squadre/lazio/zaccagni/632/2025-26,2025-26
761,Audero,P,POR,CRE,5,12,11,5,12,11,89,,,,https://www.fantacalcio.it/serie-a/squadre/cremonese/audero/761/2025-26,2025-26
4436,Cambiaghi,A,A,BOL,11,12,10,11,12,10,63,False,60,panchina,https://www.fantacalcio.it/serie-a/squadre/bologna/cambiaghi/4436/2025-26,2025-26
4360,Caprile,P,POR,CAG,7,12,20,7,12,20,100,True,90,titolare,https://www.fantacalcio.it/serie-a/squadre/cagliari/caprile/4360/2025-26,2025-26
2521,De Gea,P,POR,FIO,14,12,28,14,12,28,97,True,100,titolare,https://www.fantacalcio.it/serie-a/squadre/fiorentina/de-gea/2521/2025-26,2025-26
6967,Diao,A,W/A,COM,17,12,30,18,12,33,42,True,80,titolare,https://www.fantacalcio.it/serie-a/squadre/como/diao/6967/2025-26,2025-26
5513,Dumfries,D,E,INT,20,12,56,19,12,56,50,,,,https://www.fantacalcio.it/serie-a/squadre/inter/dumfries/5513/2025-26,2025-26
5506,Ekuban,A,A,GEN,2,12,12,2,12,12,74,,,,https://www.fantacalcio.it/serie-a/squadre/genoa/ekuban/5506/2025-26,2025-26
7008,Gimenez,A,PC,MIL,25,12,12,25,12,10,39,,,,https://www.fantacalcio.it/serie-a/squadre/milan/gimenez/7008/2025-26,2025-26
827,Locatelli,C,M/C,JUV,12,12,47,13,12,52,95,True,100,titolare,https://www.fantacalcio.it/serie-a/squadre/juventus/locatelli/827/2025-26,2025-26
4957,Montipò,P,POR,VER,5,12,5,5,12,5,92,False,5,panchina,https://www.fantacalcio.it/serie-a/squadre/verona/montipò/4957/2025-26,2025-26
4317,N'Dicka,D,DC,ROM,10,12,51,10,12,51,82,True,90,titolare,https://www.fantacalcio.it/serie-a/squadre/roma/n-dicka/4317/2025-26,2025-26
2077,Pasalic,C,C/T,ATA,9,12,14,9,12,14,82,False,60,panchina,https://www.fantacalcio.it/serie-a/squadre/atalanta/pasalic/2077/2025-26,2025-26
7351,Santos A.,C,W/A,NAP,7,12,54,6,12,54,34,True,90,titolare,https://www.fantacalcio.it/serie-a/squadre/napoli/santos-a/7351/2025-26,2025-26
4404,Thorsby,C,C/T,CRE,5,12,12,5,12,12,55,,,,https://www.fantacalcio.it/serie-a/squadre/cremonese/thorsby/4404/2025-26,2025-26
554,Zappacosta,D,E,ATA,13,12,18,12,12,18,92,True,85,titolare,https://www.fantacalcio.it/serie-a/squadre/atalanta/zappacosta/554/2025-26,2025-26
7211,Athekame,D,DD/E,MIL,6,11,9,6,11,9,45,,,,https://www.fantacalcio.it/serie-a/squadre/milan/athekame/7211/2025-26,2025-26
5674,Basic,C,C,LAZ,1,11,25,1,11,25,61,True,100,titolare,https://www.fantacalcio.it/serie-a/squadre/lazio/basic/5674/2025-26,2025-26
2832,Boga,A,W/A,JUV,6,11,37,7,11,40,34,True,100,titolare,https://www.fantacalcio.it/serie-a/squadre/juventus/boga/2832/2025-26,2025-26
6243,Borrelli,A,PC,CAG,5,11,15,4,11,12,68,False,60,panchina,https://www.fantacalcio.it/serie-a/squadre/cagliari/borrelli/6243/2025-26,2025-26
5500,Cancellieri,A,W/A,LAZ,3,11,12,3,11,15,74,False,55,panchina,https://www.fantacalcio.it/serie-a/squadre/lazio/cancellieri/5500/2025-26,2025-26
333,Cataldi,C,M/C,LAZ,5,11,17,5,11,22,71,,,,https://www.fantacalcio.it/serie-a/squadre/lazio/cataldi/333/2025-26,2025-26
6439,Cheddira,A,PC,LEC,4,11,23,4,11,20,63,,,,https://www.fantacalcio.it/serie-a/squadre/lecce/cheddira/6439/2025-26,2025-26
4465,Fagioli,C,C,FIO,8,11,35,8,11,35,87,False,60,panchina,https://www.fantacalcio.it/serie-a/squadre/fiorentina/fagioli/4465/2025-26,2025-26
2160,Gosens,D,E,FIO,18,11,19,17,11,16,66,,,,https://www.fantacalcio.it/serie-a/squadre/fiorentina/gosens/2160/2025-26,2025-26
5651,Harrison,C,W,FIO,10,11,23,10,11,23,39,,,,https://www.fantacalcio.it/serie-a/squadre/fiorentina/harrison/5651/2025-26,2025-26
6898,Keita M.,C,M/C,PAR,6,11,18,7,11,23,95,True,100,titolare,https://www.fantacalcio.it/serie-a/squadre/parma/keita-m/6898/2025-26,2025-26
6766,Kelly L.,D,DS/DC,JUV,7,11,27,8,11,30,92,False,50,panchina,https://www.fantacalcio.it/serie-a/squadre/juventus/kelly-l/6766/2025-26,2025-26
6485,Kristensen T.,D,DD/DC,UDI,5,11,14,5,11,16,74,,,,https://www.fantacalcio.it/serie-a/squadre/udinese/kristensen-t/6485/2025-26,2025-26
5393,Man,C,W/A,PAR,11,11,15,11,11,15,0,,,,https://www.fantacalcio.it/serie-a/squadre/parma/man/5393/2025-26,2025-26
2814,Provedel,P,POR,LAZ,12,11,15,12,11,15,71,False,5,panchina,https://www.fantacalcio.it/serie-a/squadre/lazio/provedel/2814/2025-26,2025-26
5453,Ricci S.,C,M/C,MIL,10,11,13,11,11,15,74,False,30,panchina,https://www.fantacalcio.it/serie-a/squadre/milan/ricci-s/5453/2025-26,2025-26
4409,Rrahmani,D,DC,NAP,11,11,45,11,11,45,55,True,90,titolare,https://www.fantacalcio.it/serie-a/squadre/napoli/rrahmani/4409/2025-26,2025-26
133,Skorupski,P,POR,BOL,10,11,14,10,11,14,47,True,90,titolare,https://www.fantacalcio.it/serie-a/squadre/bologna/skorupski/133/2025-26,2025-26
7070,Sucic P.,C,C,INT,9,11,21,9,11,21,74,False,60,panchina,https://www.fantacalcio.it/serie-a/squadre/inter/sucic-p/7070/2025-26,2025-26
6641,Suzuki,P,POR,PAR,7,11,8,7,11,8,53,,,,https://www.fantacalcio.it/serie-a/squadre/parma/suzuki/6641/2025-26,2025-26
5862,Valeri,D,DS/E,PAR,10,11,22,10,11,22,89,True,100,titolare,https://www.fantacalcio.it/serie-a/squadre/parma/valeri/5862/2025-26,2025-26
7133,Vandeputte,C,W/T,CRE,12,11,15,12,11,17,82,,,,https://www.fantacalcio.it/serie-a/squadre/cremonese/vandeputte/7133/2025-26,2025-26
5514,Vasquez,D,DS/DC,GEN,9,11,26,10,11,29,95,True,90,titolare,https://www.fantacalcio.it/serie-a/squadre/genoa/vasquez/5514/2025-26,2025-26
6496,Bartesaghi,D,DS/E,MIL,3,10,15,3,10,15,82,True,100,titolare,https://www.fantacalcio.it/serie-a/squadre/milan/bartesaghi/6496/2025-26,2025-26
7220,Belghali,D,DD/E,VER,4,10,12,4,10,12,68,,,,https://www.fantacalcio.it/serie-a/squadre/verona/belghali/7220/2025-26,2025-26
6202,Beukema,D,DC,NAP,10,10,10,10,10,10,58,False,35,panchina,https://www.fantacalcio.it/serie-a/squadre/napoli/beukema/6202/2025-26,2025-26
7332,Bijlow,P,POR,GEN,10,10,10,10,10,10,42,True,90,titolare,https://www.fantacalcio.it/serie-a/squadre/genoa/bijlow/7332/2025-26,2025-26
7347,Bowie,A,A,VER,6,10,33,6,10,33,37,True,100,titolare,https://www.fantacalcio.it/serie-a/squadre/verona/bowie/7347/2025-26,2025-26
4947,Brescianini,C,C/T,FIO,8,10,15,8,10,15,47,False,60,panchina,https://www.fantacalcio.it/serie-a/squadre/fiorentina/brescianini/4947/2025-26,2025-26
5877,Carlos Augusto,D,B/DS/E,INT,10,10,15,11,10,18,74,False,55,panchina,https://www.fantacalcio.it/serie-a/squadre/inter/carlos-augusto/5877/2025-26,2025-26
6664,Delprato,D,B/DD/E,PAR,8,10,22,9,9,25,92,True,100,titolare,https://www.fantacalcio.it/serie-a/squadre/parma/delprato/6664/2025-26,2025-26
2816,Di Lorenzo,D,DD/E,NAP,14,10,28,14,10,28,68,True,90,titolare,https://www.fantacalcio.it/serie-a/squadre/napoli/di-lorenzo/2816/2025-26,2025-26
5885,Dodò,D,E,FIO,11,10,30,10,10,30,95,False,50,panchina,https://www.fantacalcio.it/serie-a/squadre/fiorentina/dodò/5885/2025-26,2025-26
6675,Dovbyk,A,PC,ROM,21,10,8,21,10,8,34,False,60,panchina,https://www.fantacalcio.it/serie-a/squadre/roma/dovbyk/6675/2025-26,2025-26
7316,Durosinmi,A,PC,PIS,15,10,9,15,10,9,26,,,,https://www.fantacalcio.it/serie-a/squadre/pisa/durosinmi/7316/2025-26,2025-26
6822,Ekhator,A,A,GEN,1,10,8,1,10,8,66,False,55,panchina,https://www.fantacalcio.it/serie-a/squadre/genoa/ekhator/6822/2025-26,2025-26
6365,Ferguson E.,A,PC,ROM,19,10,12,19,10,10,37,,,,https://www.fantacalcio.it/serie-a/squadre/roma/ferguson-e/6365/2025-26,2025-26
4686,Fofana Y.,C,M/C,MIL,11,10,18,12,10,23,87,,,,https://www.fantacalcio.it/serie-a/squadre/milan/fofana-y/4686/2025-26,2025-26
6252,Folorunsho,C,C/T,CAG,9,10,14,9,10,14,68,False,50,panchina,https://www.fantacalcio.it/serie-a/squadre/cagliari/folorunsho/6252/2025-26,2025-26
2678,Fullkrug,A,PC,MIL,13,10,12,13,10,10,50,,,,https://www.fantacalcio.it/serie-a/squadre/milan/fullkrug/2678/2025-26,2025-26
4502,Gallo,D,DS/E,LEC,5,10,15,5,10,15,97,True,55,titolare,https://www.fantacalcio.it/serie-a/squadre/lecce/gallo/4502/2025-26,2025-26
5427,Gutierrez,D,DS/E,NAP,8,10,12,8,10,12,55,,,,https://www.fantacalcio.it/serie-a/squadre/napoli/gutierrez/5427/2025-26,2025-26
5678,Holm,D,DD/E,JUV,8,10,8,8,10,8,42,False,50,panchina,https://www.fantacalcio.it/serie-a/squadre/juventus/holm/5678/2025-26,2025-26
4263,Kabasele,D,DC,UDI,3,10,9,3,10,9,74,,,,https://www.fantacalcio.it/serie-a/squadre/udinese/kabasele/4263/2025-26,2025-26
2334,Leris,C,W,PIS,2,10,12,2,10,13,84,,,,https://www.fantacalcio.it/serie-a/squadre/pisa/leris/2334/2025-26,2025-26
4287,Lobotka,C,M/C,NAP,9,10,20,10,11,25,82,True,90,titolare,https://www.fantacalcio.it/serie-a/squadre/napoli/lobotka/4287/2025-26,2025-26
4199,Loftus-Cheek,C,C/T,MIL,8,10,12,8,10,12,55,True,100,titolare,https://www.fantacalcio.it/serie-a/squadre/milan/loftus-cheek/4199/2025-26,2025-26
4896,Maldini,C,T/A,LAZ,9,10,20,8,11,20,47,True,80,titolare,https://www.fantacalcio.it/serie-a/squadre/lazio/maldini/4896/2025-26,2025-26
2593,Martin,D,DS/E,GEN,10,10,11,10,10,11,76,False,35,panchina,https://www.fantacalcio.it/serie-a/squadre/genoa/martin/2593/2025-26,2025-26
1976,Mazzitelli,C,M/C,CAG,5,10,12,5,10,15,37,,,,https://www.fantacalcio.it/serie-a/squadre/cagliari/mazzitelli/1976/2025-26,2025-26
4734,Miranda J.,D,DS/E,BOL,9,10,25,9,10,25,82,True,90,titolare,https://www.fantacalcio.it/serie-a/squadre/bologna/miranda-j/4734/2025-26,2025-26
4236,Muric,P,POR,SAS,3,10,6,3,10,6,84,True,100,titolare,https://www.fantacalcio.it/serie-a/squadre/sassuolo/muric/4236/2025-26,2025-26
6831,Neres,C,W/A,NAP,13,10,15,13,10,15,42,False,30,panchina,https://www.fantacalcio.it/serie-a/squadre/napoli/neres/6831/2025-26,2025-26
5336,Nzola,A,PC,SAS,12,10,15,12,10,12,71,,,,https://www.fantacalcio.it/serie-a/squadre/sassuolo/nzola/5336/2025-26,2025-26
7329,Obrador,D,DS/E,TOR,6,10,16,6,10,16,42,False,60,panchina,https://www.fantacalcio.it/serie-a/squadre/torino/obrador/7329/2025-26,2025-26
5515,Okereke,A,A,CRE,5,10,5,5,10,5,26,,,,https://www.fantacalcio.it/serie-a/squadre/cremonese/okereke/5515/2025-26,2025-26
6869,Ramon,D,DC,COM,4,10,23,4,10,23,84,True,90,titolare,https://www.fantacalcio.it/serie-a/squadre/como/ramon/6869/2025-26,2025-26
6989,Tiago Gabriel,D,DC,LEC,1,10,25,1,10,25,95,True,60,titolare,https://www.fantacalcio.it/serie-a/squadre/lecce/tiago-gabriel/6989/2025-26,2025-26
6867,Valle,D,DS/E,COM,6,10,17,6,10,17,68,True,55,titolare,https://www.fantacalcio.it/serie-a/squadre/como/valle/6867/2025-26,2025-26
4994,Vojvoda,D,DD/E,COM,6,10,12,6,10,12,71,True,100,titolare,https://www.fantacalcio.it/serie-a/squadre/como/vojvoda/4994/2025-26,2025-26
7143,Angori,D,DS/E,PIS,5,9,13,5,9,13,92,,,,https://www.fantacalcio.it/serie-a/squadre/pisa/angori/7143/2025-26,2025-26
5823,Baldanzi,C,T/A,GEN,8,9,15,8,9,15,45,True,90,titolare,https://www.fantacalcio.it/serie-a/squadre/genoa/baldanzi/5823/2025-26,2025-26
5835,Baschirotto,D,DC,CRE,8,9,13,8,9,13,76,,,,https://www.fantacalcio.it/serie-a/squadre/cremonese/baschirotto/5835/2025-26,2025-26
7219,Bernasconi,D,E,ATA,1,9,12,1,9,10,58,True,90,titolare,https://www.fantacalcio.it/serie-a/squadre/atalanta/bernasconi/7219/2025-26,2025-26
5520,Cambiaso,D,E,JUV,15,9,17,14,9,15,95,False,60,panchina,https://www.fantacalcio.it/serie-a/squadre/juventus/cambiaso/5520/2025-26,2025-26
6642,Coco,D,DC,TOR,8,9,12,8,9,12,92,True,100,titolare,https://www.fantacalcio.it/serie-a/squadre/torino/coco/6642/2025-26,2025-26
6662,Corvi,P,POR,PAR,1,9,5,1,9,5,45,True,100,titolare,https://www.fantacalcio.it/serie-a/squadre/parma/corvi/6662/2025-26,2025-26
22,De Roon,C,M/C,ATA,12,9,22,13,9,27,89,False,40,panchina,https://www.fantacalcio.it/serie-a/squadre/atalanta/de-roon/22/2025-26,2025-26
795,El Shaarawy,C,W,ROM,8,9,11,7,9,11,47,,,,https://www.fantacalcio.it/serie-a/squadre/roma/el-shaarawy/795/2025-26,2025-26
5791,Frendrup,C,M/C,GEN,9,9,15,10,9,20,95,True,90,titolare,https://www.fantacalcio.it/serie-a/squadre/genoa/frendrup/5791/2025-26,2025-26
7318,Gandelman,C,C/T,LEC,6,9,13,6,9,13,42,False,35,panchina,https://www.fantacalcio.it/serie-a/squadre/lecce/gandelman/7318/2025-26,2025-26
6680,Karlstrom,C,M/C,UDI,6,9,15,6,9,20,95,True,100,titolare,https://www.fantacalcio.it/serie-a/squadre/udinese/karlstrom/6680/2025-26,2025-26
4711,Kostic,C,E/W,JUV,4,9,8,5,9,8,26,,,,https://www.fantacalcio.it/serie-a/squadre/juventus/kostic/4711/2025-26,2025-26
188,Leali,P,POR,GEN,8,9,1,8,9,1,58,,,,https://www.fantacalcio.it/serie-a/squadre/genoa/leali/188/2025-26,2025-26
4210,Mina,D,DC,CAG,7,9,12,7,9,12,68,True,55,titolare,https://www.fantacalcio.it/serie-a/squadre/cagliari/mina/4210/2025-26,2025-26
5435,Moreno Alb.,D,DS/E,COM,3,9,10,3,9,10,42,,,,https://www.fantacalcio.it/serie-a/squadre/como/moreno-alb/5435/2025-26,2025-26
6054,Moro N.,C,M/C,BOL,3,9,11,3,9,16,74,False,60,panchina,https://www.fantacalcio.it/serie-a/squadre/bologna/moro-n/6054/2025-26,2025-26
6294,Ndour,C,M/C,FIO,2,9,22,2,9,27,79,True,100,titolare,https://www.fantacalcio.it/serie-a/squadre/fiorentina/ndour/6294/2025-26,2025-26
6145,Ngonge,A,A,TOR,9,9,11,9,9,11,45,,,,https://www.fantacalcio.it/serie-a/squadre/torino/ngonge/6145/2025-26,2025-26
5320,Paleari,P,POR,TOR,1,9,9,1,9,9,76,False,5,panchina,https://www.fantacalcio.it/serie-a/squadre/torino/paleari/5320/2025-26,2025-26
4359,Piccoli,A,PC,FIO,17,9,15,17,9,12,71,True,60,titolare,https://www.fantacalcio.it/serie-a/squadre/fiorentina/piccoli/4359/2025-26,2025-26
6066,Posch,D,DD/DC,COM,5,9,7,6,9,9,21,,,,https://www.fantacalcio.it/serie-a/squadre/como/posch/6066/2025-26,2025-26
7313,Ratkov,A,PC,LAZ,15,9,9,15,9,9,18,False,15,panchina,https://www.fantacalcio.it/serie-a/squadre/lazio/ratkov/7313/2025-26,2025-26
5119,Samardzic,C,T,ATA,12,9,11,11,9,10,55,True,55,titolare,https://www.fantacalcio.it/serie-a/squadre/atalanta/samardzic/5119/2025-26,2025-26
5918,Sulemana K.,A,A,ATA,9,9,7,9,9,7,55,,,,https://www.fantacalcio.it/serie-a/squadre/atalanta/sulemana-k/5918/2025-26,2025-26
5761,Zhegrova,C,W,JUV,19,9,12,19,9,12,32,,,,https://www.fantacalcio.it/serie-a/squadre/juventus/zhegrova/5761/2025-26,2025-26
4870,Adopo,C,M/C,CAG,5,8,13,6,8,15,100,True,90,titolare,https://www.fantacalcio.it/serie-a/squadre/cagliari/adopo/4870/2025-26,2025-26
2670,Bailey,C,W/A,ROM,16,8,10,15,3,10,13,,,,https://www.fantacalcio.it/serie-a/squadre/roma/bailey/2670/2025-26,2025-26
6667,Benedyczak,A,A,PAR,1,8,10,1,8,10,26,,,,https://www.fantacalcio.it/serie-a/squadre/parma/benedyczak/6667/2025-26,2025-26
2724,Buongiorno,D,DC,NAP,13,8,13,13,8,13,84,,,,https://www.fantacalcio.it/serie-a/squadre/napoli/buongiorno/2724/2025-26,2025-26
6663,Circati,D,DC,PAR,5,8,13,5,8,13,82,,,,https://www.fantacalcio.it/serie-a/squadre/parma/circati/6663/2025-26,2025-26
4137,Diego Carlos,D,DC,COM,5,8,12,5,8,12,66,,,,https://www.fantacalcio.it/serie-a/squadre/como/diego-carlos/4137/2025-26,2025-26
6271,El Aynaoui,C,M/C,ROM,9,8,11,9,8,14,55,False,60,panchina,https://www.fantacalcio.it/serie-a/squadre/roma/el-aynaoui/6271/2025-26,2025-26
6020,Ellertsson,C,C/W,GEN,5,8,10,5,8,12,92,True,90,titolare,https://www.fantacalcio.it/serie-a/squadre/genoa/ellertsson/6020/2025-26,2025-26
6815,Fadera,C,W,SAS,6,8,10,5,8,10,63,False,50,panchina,https://www.fantacalcio.it/serie-a/squadre/sassuolo/fadera/6815/2025-26,2025-26
788,Freuler,C,M/C,BOL,11,8,14,12,8,17,74,,,,https://www.fantacalcio.it/serie-a/squadre/bologna/freuler/788/2025-26,2025-26
6550,Garcia U.,D,B/DS/E,SAS,3,8,17,4,8,19,32,,,,https://www.fantacalcio.it/serie-a/squadre/sassuolo/garcia-u/6550/2025-26,2025-26
6631,Ghilardi,D,DC,ROM,4,8,11,4,8,11,55,False,35,panchina,https://www.fantacalcio.it/serie-a/squadre/roma/ghilardi/6631/2025-26,2025-26
5833,Gila,D,DC,LAZ,9,8,16,9,8,16,82,True,100,titolare,https://www.fantacalcio.it/serie-a/squadre/lazio/gila/5833/2025-26,2025-26
6672,Idzes,D,DC,SAS,7,8,12,7,8,12,92,True,100,titolare,https://www.fantacalcio.it/serie-a/squadre/sassuolo/idzes/6672/2025-26,2025-26
5301,Luis Henrique,C,E/W,INT,7,8,12,7,8,14,71,False,20,panchina,https://www.fantacalcio.it/serie-a/squadre/inter/luis-henrique/5301/2025-26,2025-26
393,Luperto,D,DC,CRE,7,8,12,7,8,12,89,,,,https://www.fantacalcio.it/serie-a/squadre/cremonese/luperto/393/2025-26,2025-26
4665,Maripan,D,DC,TOR,7,8,8,7,8,8,68,,,,https://www.fantacalcio.it/serie-a/squadre/torino/maripan/4665/2025-26,2025-26
2188,Marusic,D,DD/DS/E,LAZ,8,8,12,9,8,15,87,,,,https://www.fantacalcio.it/serie-a/squadre/lazio/marusic/2188/2025-26,2025-26
2528,Matic,C,M/C,SAS,4,8,13,5,9,16,89,True,100,titolare,https://www.fantacalcio.it/serie-a/squadre/sassuolo/matic/2528/2025-26,2025-26
572,Meret,P,POR,NAP,16,8,20,16,8,20,29,True,90,titolare,https://www.fantacalcio.it/serie-a/squadre/napoli/meret/572/2025-26,2025-26
7155,Muharemovic,D,DC,SAS,5,8,18,5,8,18,84,,,,https://www.fantacalcio.it/serie-a/squadre/sassuolo/muharemovic/7155/2025-26,2025-26
4349,Nicolussi Caviglia,C,M/C,PAR,9,8,15,10,8,20,61,,,,https://www.fantacalcio.it/serie-a/squadre/parma/nicolussi-caviglia/4349/2025-26,2025-26
4177,Pavard,D,DD/DC,INT,8,8,22,9,9,25,3,False,35,panchina,https://www.fantacalcio.it/serie-a/squadre/inter/pavard/4177/2025-26,2025-26
218,Perin,P,POR,JUV,1,8,10,1,8,10,24,,,,https://www.fantacalcio.it/serie-a/squadre/juventus/perin/218/2025-26,2025-26
5298,Pobega,C,M/C,BOL,8,8,13,9,8,16,61,False,40,panchina,https://www.fantacalcio.it/serie-a/squadre/bologna/pobega/5298/2025-26,2025-26
6394,Ramadani,C,M/C,LEC,6,8,13,7,8,16,97,,,,https://www.fantacalcio.it/serie-a/squadre/lecce/ramadani/6394/2025-26,2025-26
460,Romagnoli,D,DC,LAZ,8,8,16,8,8,16,84,False,15,panchina,https://www.fantacalcio.it/serie-a/squadre/lazio/romagnoli/460/2025-26,2025-26
6380,Solomon,A,W/A,FIO,7,8,18,8,9,21,34,,,,https://www.fantacalcio.it/serie-a/squadre/fiorentina/solomon/6380/2025-26,2025-26
2839,Sottil,C,W/A,LEC,11,8,9,10,8,9,55,,,,https://www.fantacalcio.it/serie-a/squadre/lecce/sottil/2839/2025-26,2025-26
7252,Stulic,A,PC,LEC,13,8,12,13,8,10,79,False,60,panchina,https://www.fantacalcio.it/serie-a/squadre/lecce/stulic/7252/2025-26,2025-26
6480,Tchatchoua,D,DD/E,VER,8,8,17,8,8,17,0,,,,https://www.fantacalcio.it/serie-a/squadre/verona/tchatchoua/6480/2025-26,2025-26
4751,Tomori,D,DC,MIL,8,8,21,8,8,21,84,,,,https://www.fantacalcio.it/serie-a/squadre/milan/tomori/4751/2025-26,2025-26
4867,Turati,P,POR,SAS,7,8,5,7,8,5,16,False,5,panchina,https://www.fantacalcio.it/serie-a/squadre/sassuolo/turati/4867/2025-26,2025-26
6981,Vaz,A,PC,ROM,10,8,11,10,8,10,18,False,15,panchina,https://www.fantacalcio.it/serie-a/squadre/roma/vaz/6981/2025-26,2025-26
7223,Vergara,C,W/T,NAP,1,8,12,1,8,14,21,False,60,panchina,https://www.fantacalcio.it/serie-a/squadre/napoli/vergara/7223/2025-26,2025-26
608,Zapata D.,A,PC,TOR,20,8,15,20,8,12,61,False,50,panchina,https://www.fantacalcio.it/serie-a/squadre/torino/zapata-d/608/2025-26,2025-26
4433,Zortea,D,E,BOL,16,8,12,15,7,10,74,True,80,titolare,https://www.fantacalcio.it/serie-a/squadre/bologna/zortea/4433/2025-26,2025-26
4772,Angelino,D,E,ROM,15,7,7,14,7,7,16,,,,https://www.fantacalcio.it/serie-a/squadre/roma/angelino/4772/2025-26,2025-26
6015,Berisha M.,C,C/T,LEC,3,7,9,3,7,9,32,False,10,panchina,https://www.fantacalcio.it/serie-a/squadre/lecce/berisha-m/6015/2025-26,2025-26
7028,Bernede,C,C,VER,4,7,11,4,7,11,82,,,,https://www.fantacalcio.it/serie-a/squadre/verona/bernede/7028/2025-26,2025-26
7249,Buksa,A,PC,UDI,9,7,8,9,7,8,55,,,,https://www.fantacalcio.it/serie-a/squadre/udinese/buksa/7249/2025-26,2025-26
6274,Diouf,C,C,INT,7,7,13,7,7,13,26,True,90,titolare,https://www.fantacalcio.it/serie-a/squadre/inter/diouf/6274/2025-26,2025-26
787,Djimsiti,D,DC,ATA,8,7,13,8,7,13,87,,,,https://www.fantacalcio.it/serie-a/squadre/atalanta/djimsiti/787/2025-26,2025-26
6047,Ehizibue,D,DD/E,UDI,5,7,10,5,7,10,68,,,,https://www.fantacalcio.it/serie-a/squadre/udinese/ehizibue/6047/2025-26,2025-26
4479,Elmas,C,W/T,NAP,11,7,13,11,7,15,74,False,55,panchina,https://www.fantacalcio.it/serie-a/squadre/napoli/elmas/4479/2025-26,2025-26
6640,Felici,C,W,CAG,6,7,7,5,6,7,29,False,60,panchina,https://www.fantacalcio.it/serie-a/squadre/cagliari/felici/6640/2025-26,2025-26
6639,Frese,D,DS/E,VER,3,7,12,3,7,12,82,,,,https://www.fantacalcio.it/serie-a/squadre/verona/frese/6639/2025-26,2025-26
801,Gagliardini,C,M/C,VER,2,7,12,2,7,15,76,,,,https://www.fantacalcio.it/serie-a/squadre/verona/gagliardini/801/2025-26,2025-26
5131,Gilmour,C,M/C,NAP,7,7,12,7,7,15,34,False,35,panchina,https://www.fantacalcio.it/serie-a/squadre/napoli/gilmour/5131/2025-26,2025-26
6170,Gineitis,C,C,TOR,5,7,9,5,7,9,71,True,100,titolare,https://www.fantacalcio.it/serie-a/squadre/torino/gineitis/6170/2025-26,2025-26
6005,Ilkhan,C,C/T,TOR,1,7,8,1,7,8,45,False,35,panchina,https://www.fantacalcio.it/serie-a/squadre/torino/ilkhan/6005/2025-26,2025-26
5496,Johnsen,A,A,CRE,7,7,8,7,7,8,24,,,,https://www.fantacalcio.it/serie-a/squadre/cremonese/johnsen/5496/2025-26,2025-26
2640,Kolasinac,D,B/DS/E,ATA,7,7,12,7,7,14,45,False,35,panchina,https://www.fantacalcio.it/serie-a/squadre/atalanta/kolasinac/2640/2025-26,2025-26
6887,Leoni,D,DC,PAR,7,7,13,7,7,13,0,,,,https://www.fantacalcio.it/serie-a/squadre/parma/leoni/6887/2025-26,2025-26
6042,Lucumì,D,DC,BOL,8,7,12,8,7,12,74,True,100,titolare,https://www.fantacalcio.it/serie-a/squadre/bologna/lucumì/6042/2025-26,2025-26
6660,Marcandalli,D,DC,GEN,3,7,12,3,7,12,82,True,90,titolare,https://www.fantacalcio.it/serie-a/squadre/genoa/marcandalli/6660/2025-26,2025-26
7208,Miller L.,C,M/C,UDI,3,7,11,4,6,14,50,False,60,panchina,https://www.fantacalcio.it/serie-a/squadre/udinese/miller-l/7208/2025-26,2025-26
5813,Miretti,C,C/T,JUV,5,7,12,5,7,12,39,,,,https://www.fantacalcio.it/serie-a/squadre/juventus/miretti/5813/2025-26,2025-26
7001,N'Dri,A,W/A,LEC,5,7,10,5,7,12,45,True,80,titolare,https://www.fantacalcio.it/serie-a/squadre/lecce/n-dri/7001/2025-26,2025-26
6814,Norton-Cuffy,D,DD/E,GEN,3,7,14,3,7,14,71,True,80,titolare,https://www.fantacalcio.it/serie-a/squadre/genoa/norton-cuffy/6814/2025-26,2025-26
5701,Obert,D,DS/DC,CAG,4,7,13,4,7,15,89,True,90,titolare,https://www.fantacalcio.it/serie-a/squadre/cagliari/obert/5701/2025-26,2025-26
6426,Pedersen,D,DD/E,TOR,4,7,12,4,7,12,74,,,,https://www.fantacalcio.it/serie-a/squadre/torino/pedersen/6426/2025-26,2025-26
6549,Pierotti,C,W/A,LEC,10,7,13,9,7,11,97,True,90,titolare,https://www.fantacalcio.it/serie-a/squadre/lecce/pierotti/6549/2025-26,2025-26
7198,Piotrowski,C,C,UDI,6,7,11,6,7,11,79,True,100,titolare,https://www.fantacalcio.it/serie-a/squadre/udinese/piotrowski/7198/2025-26,2025-26
6424,Prati,C,M/C,TOR,3,7,11,3,7,14,84,,,,https://www.fantacalcio.it/serie-a/squadre/torino/prati/6424/2025-26,2025-26
7012,Provstgaard,D,DC,LAZ,3,7,12,3,7,12,61,True,90,titolare,https://www.fantacalcio.it/serie-a/squadre/lazio/provstgaard/7012/2025-26,2025-26
2861,Semper,P,POR,PIS,3,7,3,3,7,3,66,,,,https://www.fantacalcio.it/serie-a/squadre/pisa/semper/2861/2025-26,2025-26
7209,Sorensen O.,C,C,PAR,6,7,12,6,7,12,79,False,60,panchina,https://www.fantacalcio.it/serie-a/squadre/parma/sorensen-o/7209/2025-26,2025-26
5812,Terracciano F.,D,DD/DS/E,CRE,2,7,11,2,7,13,92,False,25,panchina,https://www.fantacalcio.it/serie-a/squadre/cremonese/terracciano-f/5812/2025-26,2025-26
6229,Tourè E.,A,PC,ATA,7,7,9,6,6,9,0,True,100,titolare,https://www.fantacalcio.it/serie-a/squadre/atalanta/tourè-e/6229/2025-26,2025-26
4662,Weah,C,E/W,JUV,7,7,5,7,7,5,0,,,,https://www.fantacalcio.it/serie-a/squadre/juventus/weah/4662/2025-26,2025-26
7127,Addai,A,W/A,COM,7,6,9,7,6,10,32,,,,https://www.fantacalcio.it/serie-a/squadre/como/addai/7127/2025-26,2025-26
5784,Aebischer,C,C,PIS,4,6,12,4,6,12,92,,,,https://www.fantacalcio.it/serie-a/squadre/pisa/aebischer/5784/2025-26,2025-26
6013,Barbieri,D,DD/DS/E,CRE,3,6,10,4,5,13,68,,,,https://www.fantacalcio.it/serie-a/squadre/cremonese/barbieri/6013/2025-26,2025-26
4887,Bellanova,D,E,ATA,13,6,11,12,6,12,58,False,60,panchina,https://www.fantacalcio.it/serie-a/squadre/atalanta/bellanova/4887/2025-26,2025-26
6409,Beltran L.,A,A,FIO,7,6,10,7,6,10,0,,,,https://www.fantacalcio.it/serie-a/squadre/fiorentina/beltran-l/6409/2025-26,2025-26
5532,Bradaric,D,DS/E,VER,4,6,11,4,6,11,76,,,,https://www.fantacalcio.it/serie-a/squadre/verona/bradaric/5532/2025-26,2025-26
6039,Cabal,D,B/DS/E,JUV,5,6,9,5,6,11,24,False,30,panchina,https://www.fantacalcio.it/serie-a/squadre/juventus/cabal/6039/2025-26,2025-26
2273,Caracciolo A.,D,DC,PIS,4,6,10,4,6,10,92,,,,https://www.fantacalcio.it/serie-a/squadre/pisa/caracciolo-a/2273/2025-26,2025-26
2155,Cutrone,A,PC,PAR,10,6,14,10,6,11,37,True,100,titolare,https://www.fantacalcio.it/serie-a/squadre/parma/cutrone/2155/2025-26,2025-26
6643,Dallinga,A,PC,BOL,10,6,9,10,6,9,50,,,,https://www.fantacalcio.it/serie-a/squadre/bologna/dallinga/6643/2025-26,2025-26
5739,De Winter,D,DD/DC,MIL,8,6,10,9,6,12,63,True,100,titolare,https://www.fantacalcio.it/serie-a/squadre/milan/de-winter/5739/2025-26,2025-26
1871,Deiola,C,M/C,CAG,5,6,11,5,6,14,53,False,60,panchina,https://www.fantacalcio.it/serie-a/squadre/cagliari/deiola/1871/2025-26,2025-26
6629,Dele-Bashiru,C,C/T,LAZ,11,6,14,11,6,14,55,,,,https://www.fantacalcio.it/serie-a/squadre/lazio/dele-bashiru/6629/2025-26,2025-26
5672,Dia,A,PC,LAZ,20,6,9,20,6,9,66,True,60,titolare,https://www.fantacalcio.it/serie-a/squadre/lazio/dia/5672/2025-26,2025-26
7352,Edmundsson,D,DC,VER,2,6,12,2,6,12,39,,,,https://www.fantacalcio.it/serie-a/squadre/verona/edmundsson/7352/2025-26,2025-26
7342,Elphege,A,PC,PAR,1,6,18,1,6,15,21,False,60,panchina,https://www.fantacalcio.it/serie-a/squadre/parma/elphege/7342/2025-26,2025-26
6206,Fabbian,C,C/T,FIO,10,6,9,10,6,9,58,False,55,panchina,https://www.fantacalcio.it/serie-a/squadre/fiorentina/fabbian/6206/2025-26,2025-26
6046,Hien,D,DC,ATA,11,6,10,11,6,10,74,,,,https://www.fantacalcio.it/serie-a/squadre/atalanta/hien/6046/2025-26,2025-26
5010,Ismajli,D,DC,TOR,8,6,14,8,6,14,63,False,55,panchina,https://www.fantacalcio.it/serie-a/squadre/torino/ismajli/5010/2025-26,2025-26
7175,Joao Mario,D,E,BOL,8,6,12,7,6,12,37,False,60,panchina,https://www.fantacalcio.it/serie-a/squadre/bologna/joao-mario/7175/2025-26,2025-26
5555,Kamara H.,D,DS/E,UDI,7,6,15,7,6,15,68,True,100,titolare,https://www.fantacalcio.it/serie-a/squadre/udinese/kamara-h/5555/2025-26,2025-26
5578,Kossounou,D,DD/DC,ATA,9,6,8,9,6,10,42,True,75,titolare,https://www.fantacalcio.it/serie-a/squadre/atalanta/kossounou/5578/2025-26,2025-26
6246,Lipani,C,M/C,SAS,4,6,8,4,6,11,55,False,60,panchina,https://www.fantacalcio.it/serie-a/squadre/sassuolo/lipani/6246/2025-26,2025-26
6827,Njie,A,A,TOR,1,6,4,1,6,4,26,False,60,panchina,https://www.fantacalcio.it/serie-a/squadre/torino/njie/6827/2025-26,2025-26
7138,Ordonez C.,C,M/C,PAR,5,6,12,6,6,15,55,True,100,titolare,https://www.fantacalcio.it/serie-a/squadre/parma/ordonez-c/7138/2025-26,2025-26
5449,Parisi,D,E,FIO,5,6,12,4,6,12,61,,,,https://www.fantacalcio.it/serie-a/squadre/fiorentina/parisi/5449/2025-26,2025-26
7172,Pessina Mas.,P,POR,BOL,1,6,2,1,6,2,11,False,5,panchina,https://www.fantacalcio.it/serie-a/squadre/bologna/pessina-mas/7172/2025-26,2025-26
4378,Ranieri L.,D,DS/DC,FIO,7,6,10,7,6,12,82,False,40,panchina,https://www.fantacalcio.it/serie-a/squadre/fiorentina/ranieri-l/4378/2025-26,2025-26
2475,Sanchez,A,A,UDI,7,6,10,7,6,10,0,,,,https://www.fantacalcio.it/serie-a/squadre/udinese/sanchez/2475/2025-26,2025-26
6458,Serdar,C,C,VER,5,6,10,5,6,10,47,,,,https://www.fantacalcio.it/serie-a/squadre/verona/serdar/6458/2025-26,2025-26
7240,Siebert,D,DC,LEC,5,6,14,5,6,14,50,False,40,panchina,https://www.fantacalcio.it/serie-a/squadre/lecce/siebert/7240/2025-26,2025-26
7014,Smolcic I.,D,DD/DC,COM,2,6,12,2,6,12,66,False,40,panchina,https://www.fantacalcio.it/serie-a/squadre/como/smolcic-i/7014/2025-26,2025-26
6024,Sulemana I.,C,M/C,CAG,4,6,10,4,6,11,47,False,25,panchina,https://www.fantacalcio.it/serie-a/squadre/cagliari/sulemana-i/6024/2025-26,2025-26
5620,Tavares N.,D,DS/E,LAZ,12,6,18,12,6,18,58,False,60,panchina,https://www.fantacalcio.it/serie-a/squadre/lazio/tavares-n/5620/2025-26,2025-26
5318,Tramoni M.,C,W/T,PIS,12,6,10,12,6,12,66,,,,https://www.fantacalcio.it/serie-a/squadre/pisa/tramoni-m/5318/2025-26,2025-26
181,Vecino,C,M/C,LAZ,6,6,13,6,6,16,32,,,,https://www.fantacalcio.it/serie-a/squadre/lazio/vecino/181/2025-26,2025-26
5527,Zanoli,D,DD/E,UDI,3,6,12,3,6,12,50,,,,https://www.fantacalcio.it/serie-a/squadre/udinese/zanoli/5527/2025-26,2025-26
4461,Zappa,D,B/DD/E,CAG,6,6,8,7,6,10,66,,,,https://www.fantacalcio.it/serie-a/squadre/cagliari/zappa/4461/2025-26,2025-26
5998,Zerbin,C,E/W,CRE,3,6,9,3,6,12,76,False,60,panchina,https://www.fantacalcio.it/serie-a/squadre/cremonese/zerbin/5998/2025-26,2025-26
513,Acerbi,D,DC,INT,9,5,10,9,5,10,42,,,,https://www.fantacalcio.it/serie-a/squadre/inter/acerbi/513/2025-26,2025-26
6593,Akinsanmiro,C,C/T,PIS,3,5,11,3,5,11,61,False,55,panchina,https://www.fantacalcio.it/serie-a/squadre/pisa/akinsanmiro/6593/2025-26,2025-26
5286,Akpa Akpro,C,M/C,VER,1,5,10,1,5,16,58,,,,https://www.fantacalcio.it/serie-a/squadre/verona/akpa-akpro/5286/2025-26,2025-26
7341,Amorim,C,M/C,GEN,5,5,11,5,5,11,24,False,60,panchina,https://www.fantacalcio.it/serie-a/squadre/genoa/amorim/7341/2025-26,2025-26
441,Belotti,A,PC,CAG,12,5,10,11,4,10,11,,,,https://www.fantacalcio.it/serie-a/squadre/cagliari/belotti/441/2025-26,2025-26
5820,Bertola,D,DC,UDI,6,5,9,6,5,9,66,False,60,panchina,https://www.fantacalcio.it/serie-a/squadre/udinese/bertola/5820/2025-26,2025-26
5992,Bondo,C,M/C,CRE,3,5,12,3,5,15,71,,,,https://www.fantacalcio.it/serie-a/squadre/cremonese/bondo/5992/2025-26,2025-26
7139,Canestrelli,D,DC,PIS,3,5,11,3,5,11,97,,,,https://www.fantacalcio.it/serie-a/squadre/pisa/canestrelli/7139/2025-26,2025-26
697,Cuadrado,D,E,PIS,7,5,8,6,5,8,39,,,,https://www.fantacalcio.it/serie-a/squadre/pisa/cuadrado/697/2025-26,2025-26
5471,Djuric,A,PC,CRE,9,5,8,8,5,8,24,,,,https://www.fantacalcio.it/serie-a/squadre/cremonese/djuric/5471/2025-26,2025-26
6230,Dossena,D,DC,CAG,4,5,8,4,5,8,29,,,,https://www.fantacalcio.it/serie-a/squadre/cagliari/dossena/6230/2025-26,2025-26
5994,Ebosse,D,DS/DC,TOR,4,5,7,5,5,9,42,True,100,titolare,https://www.fantacalcio.it/serie-a/squadre/torino/ebosse/5994/2025-26,2025-26
5290,Estevez,C,M/C,PAR,2,5,8,2,5,8,58,,,,https://www.fantacalcio.it/serie-a/squadre/parma/estevez/5290/2025-26,2025-26
5858,Ferguson,C,C/T,BOL,11,5,12,11,5,12,61,True,90,titolare,https://www.fantacalcio.it/serie-a/squadre/bologna/ferguson/5858/2025-26,2025-26
7131,Floriani Mussolini,D,DD/E,CRE,5,5,12,5,5,12,61,True,90,titolare,https://www.fantacalcio.it/serie-a/squadre/cremonese/floriani-mussolini/7131/2025-26,2025-26
4401,Gabbia,D,DC,MIL,6,5,14,6,5,14,76,False,40,panchina,https://www.fantacalcio.it/serie-a/squadre/milan/gabbia/4401/2025-26,2025-26
5831,Gatti,D,DC,JUV,8,5,8,8,5,7,42,False,20,panchina,https://www.fantacalcio.it/serie-a/squadre/juventus/gatti/5831/2025-26,2025-26
27,Grassi,C,M/C,CRE,4,5,8,4,5,10,74,,,,https://www.fantacalcio.it/serie-a/squadre/cremonese/grassi/27/2025-26,2025-26
7272,Gueye,A,PC,UDI,1,5,1,1,5,1,34,False,60,panchina,https://www.fantacalcio.it/serie-a/squadre/udinese/gueye/7272/2025-26,2025-26
7125,Idrissi R.,D,DS/E,CAG,3,5,9,3,5,9,45,,,,https://www.fantacalcio.it/serie-a/squadre/cagliari/idrissi-r/7125/2025-26,2025-26
6531,Jimenez A.,D,DD/DS/E,MIL,5,5,10,6,5,10,3,True,100,titolare,https://www.fantacalcio.it/serie-a/squadre/milan/jimenez-a/6531/2025-26,2025-26
7128,Kuhn,A,W/A,COM,14,5,9,15,5,9,37,False,15,panchina,https://www.fantacalcio.it/serie-a/squadre/como/kuhn/7128/2025-26,2025-26
7331,Loyola,C,M/C,PIS,7,5,11,8,6,13,29,,,,https://www.fantacalcio.it/serie-a/squadre/pisa/loyola/7331/2025-26,2025-26
6215,Lucca,A,PC,NAP,15,5,11,14,5,10,24,False,55,panchina,https://www.fantacalcio.it/serie-a/squadre/napoli/lucca/6215/2025-26,2025-26
5457,Maleh,C,M/C,CRE,6,5,5,7,5,7,55,False,60,panchina,https://www.fantacalcio.it/serie-a/squadre/cremonese/maleh/5457/2025-26,2025-26
5116,Martinez Jo.,P,POR,INT,2,5,1,2,5,1,13,True,90,titolare,https://www.fantacalcio.it/serie-a/squadre/inter/martinez-jo/5116/2025-26,2025-26
6917,Masini,C,M/C,GEN,5,5,7,5,5,8,55,True,100,titolare,https://www.fantacalcio.it/serie-a/squadre/genoa/masini/6917/2025-26,2025-26
6836,Meister,A,PC,PIS,2,5,9,2,5,9,71,,,,https://www.fantacalcio.it/serie-a/squadre/pisa/meister/6836/2025-26,2025-26
7374,Mendy P.,A,PC,CAG,1,5,15,1,5,12,21,True,60,titolare,https://www.fantacalcio.it/serie-a/squadre/cagliari/mendy-p/7374/2025-26,2025-26
7337,Motta,P,POR,LAZ,1,5,15,1,5,15,24,False,5,panchina,https://www.fantacalcio.it/serie-a/squadre/lazio/motta/7337/2025-26,2025-26
6205,Mulattieri,A,PC,SAS,5,5,10,4,4,10,0,,,,https://www.fantacalcio.it/serie-a/squadre/sassuolo/mulattieri/6205/2025-26,2025-26
5295,Musah,C,C/W,ATA,6,5,11,6,5,13,42,True,100,titolare,https://www.fantacalcio.it/serie-a/squadre/atalanta/musah/5295/2025-26,2025-26
7018,Nelsson,D,DC,VER,5,5,11,5,5,11,97,,,,https://www.fantacalcio.it/serie-a/squadre/verona/nelsson/7018/2025-26,2025-26
7322,Ngom,C,M/C,LEC,1,5,1,1,5,1,34,True,90,titolare,https://www.fantacalcio.it/serie-a/squadre/lecce/ngom/7322/2025-26,2025-26
5840,Olivera,D,DS/E,NAP,10,5,14,10,5,11,58,False,60,panchina,https://www.fantacalcio.it/serie-a/squadre/napoli/olivera/5840/2025-26,2025-26
6481,Payero,C,C,CRE,4,5,8,4,5,8,66,,,,https://www.fantacalcio.it/serie-a/squadre/cremonese/payero/6481/2025-26,2025-26
2728,Pellegrini Lu.,D,DS/E,LAZ,3,5,9,3,5,9,63,,,,https://www.fantacalcio.it/serie-a/squadre/lazio/pellegrini-lu/2728/2025-26,2025-26
5603,Pongracic,D,DC,FIO,5,5,12,5,5,12,92,True,100,titolare,https://www.fantacalcio.it/serie-a/squadre/fiorentina/pongracic/5603/2025-26,2025-26
7146,Tourè I.,C,E/M,PIS,6,5,12,7,5,15,79,,,,https://www.fantacalcio.it/serie-a/squadre/pisa/tourè-i/7146/2025-26,2025-26
7235,Troilo,D,DC,PAR,6,5,12,6,5,12,55,True,100,titolare,https://www.fantacalcio.it/serie-a/squadre/parma/troilo/7235/2025-26,2025-26
5307,Valenti,D,DC,PAR,4,5,10,4,5,10,71,False,35,panchina,https://www.fantacalcio.it/serie-a/squadre/parma/valenti/5307/2025-26,2025-26
6896,Van Der Brempt,D,DD/E,COM,4,5,8,4,5,8,37,,,,https://www.fantacalcio.it/serie-a/squadre/como/van-der-brempt/6896/2025-26,2025-26
6990,Veiga D.,D,DD/E,LEC,1,5,13,1,5,13,95,True,90,titolare,https://www.fantacalcio.it/serie-a/squadre/lecce/veiga-d/6990/2025-26,2025-26
4374,Walukiewicz,D,DD/DC,SAS,5,5,12,6,5,14,89,,,,https://www.fantacalcio.it/serie-a/squadre/sassuolo/walukiewicz/4374/2025-26,2025-26
2842,Zanimacchia,C,W,CRE,5,5,5,4,4,5,0,,,,https://www.fantacalcio.it/serie-a/squadre/cremonese/zanimacchia/2842/2025-26,2025-26
7274,Zè Pedro,D,DC,CAG,4,5,11,4,5,11,58,True,90,titolare,https://www.fantacalcio.it/serie-a/squadre/cagliari/zè-pedro/7274/2025-26,2025-26
6916,Ahanor,D,B/DS/E,ATA,6,4,10,7,4,12,55,,,,https://www.fantacalcio.it/serie-a/squadre/atalanta/ahanor/6916/2025-26,2025-26
612,Bianchetti,D,DC,CRE,3,4,9,3,4,9,71,,,,https://www.fantacalcio.it/serie-a/squadre/cremonese/bianchetti/612/2025-26,2025-26
6653,Bravo,A,A,UDI,6,4,12,6,4,12,11,,,,https://www.fantacalcio.it/serie-a/squadre/udinese/bravo/6653/2025-26,2025-26
7255,Britschgi,D,DD/DS/E,PAR,1,4,8,1,4,10,74,True,100,titolare,https://www.fantacalcio.it/serie-a/squadre/parma/britschgi/7255/2025-26,2025-26
6106,Carboni V.,C,T/A,GEN,11,4,12,11,4,12,26,,,,https://www.fantacalcio.it/serie-a/squadre/genoa/carboni-v/6106/2025-26,2025-26
4856,Chukwueze,C,W,MIL,4,4,11,3,3,9,3,True,100,titolare,https://www.fantacalcio.it/serie-a/squadre/milan/chukwueze/4856/2025-26,2025-26
6495,Comuzzo,D,DC,FIO,7,4,11,7,4,11,63,True,100,titolare,https://www.fantacalcio.it/serie-a/squadre/fiorentina/comuzzo/6495/2025-26,2025-26
6665,Coulibaly W.,D,DD/DS/E,SAS,3,4,4,4,4,6,47,,,,https://www.fantacalcio.it/serie-a/squadre/sassuolo/coulibaly-w/6665/2025-26,2025-26
5851,Doig,D,DS/E,SAS,6,4,10,6,4,10,71,True,100,titolare,https://www.fantacalcio.it/serie-a/squadre/sassuolo/doig/5851/2025-26,2025-26
7130,Folino,D,DC,CRE,4,4,8,4,4,8,29,,,,https://www.fantacalcio.it/serie-a/squadre/cremonese/folino/7130/2025-26,2025-26
2848,Frattesi,C,C/T,INT,14,4,10,14,4,10,37,True,80,titolare,https://www.fantacalcio.it/serie-a/squadre/inter/frattesi/2848/2025-26,2025-26
4930,Ghion,C,M/C,SAS,4,4,9,4,4,12,0,,,,https://www.fantacalcio.it/serie-a/squadre/sassuolo/ghion/4930/2025-26,2025-26
5688,Harroui,C,W/T,VER,7,4,10,7,4,12,45,,,,https://www.fantacalcio.it/serie-a/squadre/verona/harroui/5688/2025-26,2025-26
7212,Heggem,D,DS/DC,BOL,4,4,12,5,4,14,66,True,90,titolare,https://www.fantacalcio.it/serie-a/squadre/bologna/heggem/7212/2025-26,2025-26
785,Immobile,A,PC,BOL,19,4,15,19,4,12,16,,,,https://www.fantacalcio.it/serie-a/squadre/bologna/immobile/785/2025-26,2025-26
7203,Jashari,C,C,MIL,13,4,10,13,4,10,32,False,60,panchina,https://www.fantacalcio.it/serie-a/squadre/milan/jashari/7203/2025-26,2025-26
256,Juan Jesus,D,DS/DC,NAP,3,4,10,3,4,12,55,,,,https://www.fantacalcio.it/serie-a/squadre/napoli/juan-jesus/256/2025-26,2025-26
5685,Koopmeiners,C,C/T,JUV,14,4,11,14,4,11,76,False,55,panchina,https://www.fantacalcio.it/serie-a/squadre/juventus/koopmeiners/5685/2025-26,2025-26
7349,Kulenovic,A,PC,TOR,5,4,9,5,4,9,18,False,40,panchina,https://www.fantacalcio.it/serie-a/squadre/torino/kulenovic/7349/2025-26,2025-26
4385,Lazaro,D,DD/E,TOR,7,4,11,7,4,11,79,,,,https://www.fantacalcio.it/serie-a/squadre/torino/lazaro/4385/2025-26,2025-26
7153,Lind,A,PC,PIS,4,4,7,4,4,7,0,,,,https://www.fantacalcio.it/serie-a/squadre/pisa/lind/7153/2025-26,2025-26
5481,Mazzocchi,D,DD/DS/E,NAP,3,4,7,3,4,9,24,,,,https://www.fantacalcio.it/serie-a/squadre/napoli/mazzocchi/5481/2025-26,2025-26
6630,Mosquera,A,PC,VER,6,4,8,6,4,8,37,,,,https://www.fantacalcio.it/serie-a/squadre/verona/mosquera/6630/2025-26,2025-26
6227,Okafor,A,A,MIL,4,4,5,4,4,5,0,,,,https://www.fantacalcio.it/serie-a/squadre/milan/okafor/6227/2025-26,2025-26
6314,Openda,A,PC,JUV,22,4,8,22,4,8,37,,,,https://www.fantacalcio.it/serie-a/squadre/juventus/openda/6314/2025-26,2025-26
6218,Oristanio,C,W/T/A,PAR,12,4,10,12,4,13,47,False,60,panchina,https://www.fantacalcio.it/serie-a/squadre/parma/oristanio/6218/2025-26,2025-26
6992,Oyegoke,D,B/DD/E,VER,2,4,4,2,4,5,26,,,,https://www.fantacalcio.it/serie-a/squadre/verona/oyegoke/6992/2025-26,2025-26
770,Pezzella Giu.,D,DS/E,CRE,5,4,10,5,4,10,82,,,,https://www.fantacalcio.it/serie-a/squadre/cremonese/pezzella-giu/770/2025-26,2025-26
7145,Piccinini G.,C,E/M,PIS,6,4,10,7,4,12,58,,,,https://www.fantacalcio.it/serie-a/squadre/pisa/piccinini-g/7145/2025-26,2025-26
2722,Ravaglia F.,P,POR,BOL,3,4,3,3,4,3,45,,,,https://www.fantacalcio.it/serie-a/squadre/bologna/ravaglia-f/2722/2025-26,2025-26
7268,Rodriguez Ju.,D,DS/DC,CAG,1,4,10,1,4,12,42,True,90,titolare,https://www.fantacalcio.it/serie-a/squadre/cagliari/rodriguez-ju/7268/2025-26,2025-26
7020,Salah-Eddine,D,E,ROM,4,4,7,3,3,7,0,,,,https://www.fantacalcio.it/serie-a/squadre/roma/salah-eddine/7020/2025-26,2025-26
479,Sanabria,A,PC,CRE,7,4,10,6,4,10,61,,,,https://www.fantacalcio.it/serie-a/squadre/cremonese/sanabria/479/2025-26,2025-26
6159,Sarr A.,A,A,VER,8,4,8,8,4,8,76,,,,https://www.fantacalcio.it/serie-a/squadre/verona/sarr-a/6159/2025-26,2025-26
5319,Sohm,C,C,BOL,12,4,12,12,4,12,63,False,60,panchina,https://www.fantacalcio.it/serie-a/squadre/bologna/sohm/5319/2025-26,2025-26
7344,Stojilkovic,A,PC,PIS,4,4,7,4,4,7,32,,,,https://www.fantacalcio.it/serie-a/squadre/pisa/stojilkovic/7344/2025-26,2025-26
6486,Suslov,C,W/T,VER,9,4,13,9,4,13,26,,,,https://www.fantacalcio.it/serie-a/squadre/verona/suslov/6486/2025-26,2025-26
6628,Taremi,A,PC,INT,4,4,5,3,3,4,0,,,,https://www.fantacalcio.it/serie-a/squadre/inter/taremi/6628/2025-26,2025-26
6055,Thiaw,D,DC,MIL,4,4,8,4,4,8,0,,,,https://www.fantacalcio.it/serie-a/squadre/milan/thiaw/6055/2025-26,2025-26
6894,Unai Nunez,D,DC,VER,5,4,8,5,4,8,45,,,,https://www.fantacalcio.it/serie-a/squadre/verona/unai-nunez/6894/2025-26,2025-26
7068,Vitik,D,DC,BOL,8,4,7,8,4,7,47,False,35,panchina,https://www.fantacalcio.it/serie-a/squadre/bologna/vitik/7068/2025-26,2025-26
6575,Zaragoza,C,W/A,ROM,7,4,10,6,4,10,8,,,,https://www.fantacalcio.it/serie-a/squadre/roma/zaragoza/6575/2025-26,2025-26
6207,Almqvist,A,W/A,PAR,4,3,7,4,3,8,24,False,40,panchina,https://www.fantacalcio.it/serie-a/squadre/parma/almqvist/6207/2025-26,2025-26
6231,Azzi,D,DS/E,CRE,3,3,7,3,3,7,0,,,,https://www.fantacalcio.it/serie-a/squadre/cremonese/azzi/6231/2025-26,2025-26
5353,Balogh,D,DC,PAR,3,3,7,3,3,7,0,,,,https://www.fantacalcio.it/serie-a/squadre/parma/balogh/5353/2025-26,2025-26
6191,Belahyane,C,M/C,LAZ,4,3,7,4,3,10,29,False,60,panchina,https://www.fantacalcio.it/serie-a/squadre/lazio/belahyane/6191/2025-26,2025-26
7253,Bella-Kotchap,D,DC,VER,6,3,10,6,3,10,47,True,100,titolare,https://www.fantacalcio.it/serie-a/squadre/verona/bella-kotchap/7253/2025-26,2025-26
6213,Brenner,A,A,UDI,3,3,5,3,3,5,0,,,,https://www.fantacalcio.it/serie-a/squadre/udinese/brenner/6213/2025-26,2025-26
2745,Calabresi,D,B/DD/E,PIS,3,3,6,4,3,8,66,,,,https://www.fantacalcio.it/serie-a/squadre/pisa/calabresi/2745/2025-26,2025-26
6149,Carboni F.,D,DS/E,PAR,2,3,4,2,3,4,5,False,30,panchina,https://www.fantacalcio.it/serie-a/squadre/parma/carboni-f/6149/2025-26,2025-26
5863,Castagnetti,C,M/C,CRE,3,3,5,3,3,5,0,,,,https://www.fantacalcio.it/serie-a/squadre/cremonese/castagnetti/5863/2025-26,2025-26
2525,Darmian,D,B/DD/E,INT,4,3,8,5,3,10,13,,,,https://www.fantacalcio.it/serie-a/squadre/inter/darmian/2525/2025-26,2025-26
5512,De Luca,A,PC,CRE,8,3,3,7,2,3,3,,,,https://www.fantacalcio.it/serie-a/squadre/cremonese/de-luca/5512/2025-26,2025-26
487,De Silvestri,D,DD/E,BOL,4,3,8,4,3,8,26,False,20,panchina,https://www.fantacalcio.it/serie-a/squadre/bologna/de-silvestri/487/2025-26,2025-26
322,De Vrij,D,DC,INT,9,3,9,9,3,9,21,,,,https://www.fantacalcio.it/serie-a/squadre/inter/de-vrij/322/2025-26,2025-26
6895,Dominguez B.,A,W/A,BOL,9,3,8,9,3,8,32,False,55,panchina,https://www.fantacalcio.it/serie-a/squadre/bologna/dominguez-b/6895/2025-26,2025-26
4911,Douglas Luiz,C,C,JUV,3,3,6,3,3,6,0,True,100,titolare,https://www.fantacalcio.it/serie-a/squadre/juventus/douglas-luiz/4911/2025-26,2025-26
647,Dzeko,A,PC,FIO,15,3,10,15,3,10,21,,,,https://www.fantacalcio.it/serie-a/squadre/fiorentina/dzeko/647/2025-26,2025-26
6225,El Azzouzi,C,M/C,BOL,3,3,7,3,3,7,0,,,,https://www.fantacalcio.it/serie-a/squadre/bologna/el-azzouzi/6225/2025-26,2025-26
4982,Erlic,D,DC,BOL,3,3,7,3,3,7,0,,,,https://www.fantacalcio.it/serie-a/squadre/bologna/erlic/4982/2025-26,2025-26
6010,Fazzini,C,C/T,FIO,11,3,10,11,3,10,32,True,80,titolare,https://www.fantacalcio.it/serie-a/squadre/fiorentina/fazzini/6010/2025-26,2025-26
6417,Furlanetto,P,POR,LAZ,1,3,1,1,3,1,5,,,,https://www.fantacalcio.it/serie-a/squadre/lazio/furlanetto/6417/2025-26,2025-26
6533,Giannetti L.,D,DC,UDI,3,3,5,3,3,5,0,,,,https://www.fantacalcio.it/serie-a/squadre/udinese/giannetti-l/6533/2025-26,2025-26
5135,Guaita,P,POR,PAR,5,3,1,5,3,1,0,,,,https://www.fantacalcio.it/serie-a/squadre/parma/guaita/5135/2025-26,2025-26
7147,Hojholt,C,M/C,PIS,1,3,7,1,3,8,39,,,,https://www.fantacalcio.it/serie-a/squadre/pisa/hojholt/7147/2025-26,2025-26
7157,Iannoni,C,C,SAS,1,3,8,1,3,8,13,False,15,panchina,https://www.fantacalcio.it/serie-a/squadre/sassuolo/iannoni/7157/2025-26,2025-26
6112,Iling Junior,C,E/W,PIS,5,3,11,5,3,11,8,,,,https://www.fantacalcio.it/serie-a/squadre/pisa/iling-junior/6112/2025-26,2025-26
6410,Kaba,C,M/C,LEC,1,3,12,1,3,15,29,,,,https://www.fantacalcio.it/serie-a/squadre/lecce/kaba/6410/2025-26,2025-26
6459,Karlsson,A,W/A,BOL,3,3,7,3,3,7,0,,,,https://www.fantacalcio.it/serie-a/squadre/bologna/karlsson/6459/2025-26,2025-26
2263,Lazzari,D,DD/E,LAZ,4,3,9,4,3,9,45,False,35,panchina,https://www.fantacalcio.it/serie-a/squadre/lazio/lazzari/2263/2025-26,2025-26
7254,Lorran,C,T,PIS,7,3,8,6,3,8,11,,,,https://www.fantacalcio.it/serie-a/squadre/pisa/lorran/7254/2025-26,2025-26
5850,Lovric,C,C,VER,9,3,9,9,3,9,26,,,,https://www.fantacalcio.it/serie-a/squadre/verona/lovric/5850/2025-26,2025-26
5297,Luvumbo,A,A,CAG,12,3,10,12,3,10,26,,,,https://www.fantacalcio.it/serie-a/squadre/cagliari/luvumbo/5297/2025-26,2025-26
6809,Marianucci,D,DC,TOR,3,3,8,3,3,8,29,,,,https://www.fantacalcio.it/serie-a/squadre/torino/marianucci/6809/2025-26,2025-26
6984,Ondrejka,C,W/A,PAR,13,3,9,12,3,9,39,,,,https://www.fantacalcio.it/serie-a/squadre/parma/ondrejka/6984/2025-26,2025-26
327,Patric,D,DD/DC,LAZ,4,3,10,4,3,10,26,,,,https://www.fantacalcio.it/serie-a/squadre/lazio/patric/327/2025-26,2025-26
247,Pavoletti,A,PC,CAG,1,3,7,1,3,7,16,,,,https://www.fantacalcio.it/serie-a/squadre/cagliari/pavoletti/247/2025-26,2025-26
7353,Pedro Felipe,D,DC,SAS,1,3,3,1,3,3,5,,,,https://www.fantacalcio.it/serie-a/squadre/sassuolo/pedro-felipe/7353/2025-26,2025-26
6644,Rocha Livramento,A,PC,VER,3,3,8,2,2,6,0,,,,https://www.fantacalcio.it/serie-a/squadre/verona/rocha-livramento/6644/2025-26,2025-26
791,Sabelli,D,DD/DS/E,GEN,5,3,10,5,3,12,34,False,25,panchina,https://www.fantacalcio.it/serie-a/squadre/genoa/sabelli/791/2025-26,2025-26
6528,Sarmiento J.,C,W/T,CRE,4,3,8,4,3,8,13,,,,https://www.fantacalcio.it/serie-a/squadre/cremonese/sarmiento-j/6528/2025-26,2025-26
6802,Savona,D,B/DD/E,JUV,3,3,9,4,4,11,0,,,,https://www.fantacalcio.it/serie-a/squadre/juventus/savona/6802/2025-26,2025-26
4284,Sergi Roberto,C,M/C,COM,4,3,12,4,3,14,34,,,,https://www.fantacalcio.it/serie-a/squadre/como/sergi-roberto/4284/2025-26,2025-26
6634,Tete Morente,C,W,LEC,9,3,12,8,3,10,39,,,,https://www.fantacalcio.it/serie-a/squadre/lecce/tete-morente/6634/2025-26,2025-26
5168,Tsimikas,D,DS/E,ROM,4,3,8,4,3,8,34,,,,https://www.fantacalcio.it/serie-a/squadre/roma/tsimikas/5168/2025-26,2025-26
6957,Valentini N.,D,DC,VER,4,3,8,4,3,8,50,,,,https://www.fantacalcio.it/serie-a/squadre/verona/valentini-n/6957/2025-26,2025-26
6245,Vogliacco,D,DD/DC,GEN,3,3,3,4,4,4,0,,,,https://www.fantacalcio.it/serie-a/squadre/genoa/vogliacco/6245/2025-26,2025-26
7150,Vural,C,C,PIS,3,3,6,3,3,6,37,,,,https://www.fantacalcio.it/serie-a/squadre/pisa/vural/7150/2025-26,2025-26
6212,Zarraga,C,M/C,UDI,2,3,6,2,3,7,26,False,40,panchina,https://www.fantacalcio.it/serie-a/squadre/udinese/zarraga/6212/2025-26,2025-26
7335,Zatterstrom,D,DC,GEN,4,3,8,4,3,8,5,,,,https://www.fantacalcio.it/serie-a/squadre/genoa/zatterstrom/7335/2025-26,2025-26
6211,Zemura,D,DS/E,UDI,3,3,8,3,3,8,39,,,,https://www.fantacalcio.it/serie-a/squadre/udinese/zemura/6211/2025-26,2025-26
7010,Al-Musrati,C,M/C,VER,4,2,7,5,2,8,37,,,,https://www.fantacalcio.it/serie-a/squadre/verona/al-musrati/7010/2025-26,2025-26
7338,Albarracin,A,A,CAG,1,2,1,1,2,1,5,,,,https://www.fantacalcio.it/serie-a/squadre/cagliari/albarracin/7338/2025-26,2025-26
5845,Alvarez A.,A,PC,SAS,2,2,4,1,1,3,0,,,,https://www.fantacalcio.it/serie-a/squadre/sassuolo/alvarez-a/5845/2025-26,2025-26
7264,Ambrosino,A,PC,NAP,1,2,1,1,2,1,3,,,,https://www.fantacalcio.it/serie-a/squadre/napoli/ambrosino/7264/2025-26,2025-26
6889,Anjorin,C,C/T,TOR,10,2,9,10,2,9,24,False,15,panchina,https://www.fantacalcio.it/serie-a/squadre/torino/anjorin/6889/2025-26,2025-26
7312,Arizala,D,DS/E,UDI,1,2,1,1,2,1,13,False,55,panchina,https://www.fantacalcio.it/serie-a/squadre/udinese/arizala/7312/2025-26,2025-26
5719,Asllani,C,M/C,TOR,4,2,14,4,2,19,37,,,,https://www.fantacalcio.it/serie-a/squadre/torino/asllani/5719/2025-26,2025-26
7036,Bakola,C,C/T,SAS,3,2,7,3,2,7,8,True,100,titolare,https://www.fantacalcio.it/serie-a/squadre/sassuolo/bakola/7036/2025-26,2025-26
7377,Balbo,D,DS/E,FIO,1,2,4,1,2,4,11,,,,https://www.fantacalcio.it/serie-a/squadre/fiorentina/balbo/7377/2025-26,2025-26
7161,Bayo V.,A,PC,UDI,4,2,8,4,2,8,32,False,55,panchina,https://www.fantacalcio.it/serie-a/squadre/udinese/bayo-v/7161/2025-26,2025-26
252,Biraghi,D,DS/E,TOR,8,2,5,8,2,5,29,,,,https://www.fantacalcio.it/serie-a/squadre/torino/biraghi/252/2025-26,2025-26
6219,Boloca,C,M/C,SAS,6,2,4,6,2,6,5,,,,https://www.fantacalcio.it/serie-a/squadre/sassuolo/boloca/6219/2025-26,2025-26
6444,Bonfanti,D,DC,PIS,2,2,8,2,2,8,24,,,,https://www.fantacalcio.it/serie-a/squadre/pisa/bonfanti/6444/2025-26,2025-26
7239,Braschi,A,PC,FIO,1,2,1,1,2,1,5,,,,https://www.fantacalcio.it/serie-a/squadre/fiorentina/braschi/7239/2025-26,2025-26
6519,Camarda,A,PC,LEC,12,2,8,12,2,8,47,False,30,panchina,https://www.fantacalcio.it/serie-a/squadre/lecce/camarda/6519/2025-26,2025-26
7222,Cham,D,DD/DS/E,VER,1,2,6,1,2,6,8,,,,https://www.fantacalcio.it/serie-a/squadre/verona/cham/7222/2025-26,2025-26
6403,Christensen O.,P,POR,FIO,1,2,1,1,2,1,3,False,5,panchina,https://www.fantacalcio.it/serie-a/squadre/fiorentina/christensen-o/6403/2025-26,2025-26
7132,Collocolo,C,M/C,CRE,8,2,8,9,2,10,13,,,,https://www.fantacalcio.it/serie-a/squadre/cremonese/collocolo/7132/2025-26,2025-26
4677,Cornet,C,W,GEN,7,2,5,7,2,5,13,,,,https://www.fantacalcio.it/serie-a/squadre/genoa/cornet/4677/2025-26,2025-26
5406,Di Pardo,D,DD/E,CAG,2,2,4,2,2,4,3,,,,https://www.fantacalcio.it/serie-a/squadre/cagliari/di-pardo/5406/2025-26,2025-26
6676,Engelhardt,C,M/C,COM,2,2,3,2,2,3,0,,,,https://www.fantacalcio.it/serie-a/squadre/como/engelhardt/6676/2025-26,2025-26
5273,Estupinan,D,DS/E,MIL,11,2,8,11,2,8,37,False,55,panchina,https://www.fantacalcio.it/serie-a/squadre/milan/estupinan/5273/2025-26,2025-26
6506,Fini,C,E/W,GEN,1,2,1,1,2,1,3,True,100,titolare,https://www.fantacalcio.it/serie-a/squadre/genoa/fini/6506/2025-26,2025-26
7069,Fortini,D,E,FIO,3,2,9,3,2,9,32,True,100,titolare,https://www.fantacalcio.it/serie-a/squadre/fiorentina/fortini/7069/2025-26,2025-26
6632,Gaspar K.,D,DC,LEC,8,2,10,8,2,10,55,True,90,titolare,https://www.fantacalcio.it/serie-a/squadre/lecce/gaspar-k/6632/2025-26,2025-26
7248,Gorter,C,M/C,LEC,1,2,1,1,2,1,3,True,85,titolare,https://www.fantacalcio.it/serie-a/squadre/lecce/gorter/7248/2025-26,2025-26
6722,Gronbaek,C,W/T,GEN,12,2,4,12,2,4,5,,,,https://www.fantacalcio.it/serie-a/squadre/genoa/gronbaek/6722/2025-26,2025-26
6821,Hainaut,D,DD/E,PAR,2,2,5,2,2,5,0,True,100,titolare,https://www.fantacalcio.it/serie-a/squadre/parma/hainaut/6821/2025-26,2025-26
5872,Helgason,C,C/T,LEC,8,2,7,8,2,7,11,False,55,panchina,https://www.fantacalcio.it/serie-a/squadre/lecce/helgason/5872/2025-26,2025-26
7326,Helland,D,DD/DC,BOL,4,2,7,4,2,7,16,True,70,titolare,https://www.fantacalcio.it/serie-a/squadre/bologna/helland/7326/2025-26,2025-26
4423,Hernani,C,C,PAR,7,2,10,7,2,10,8,,,,https://www.fantacalcio.it/serie-a/squadre/parma/hernani/4423/2025-26,2025-26
6944,Jack,D,DS/DC,COM,2,2,4,2,2,5,0,,,,https://www.fantacalcio.it/serie-a/squadre/como/jack/6944/2025-26,2025-26
6883,Jean,D,DC,LEC,3,2,3,3,2,3,13,,,,https://www.fantacalcio.it/serie-a/squadre/lecce/jean/6883/2025-26,2025-26
4495,Kumbulla,D,DC,ROM,2,2,5,2,2,5,0,,,,https://www.fantacalcio.it/serie-a/squadre/roma/kumbulla/4495/2025-26,2025-26
2006,Lirola,D,B/DD/E,VER,4,2,7,4,2,8,13,,,,https://www.fantacalcio.it/serie-a/squadre/verona/lirola/2006/2025-26,2025-26
6965,Lovik,D,DS/E,PAR,2,2,7,2,2,7,16,,,,https://www.fantacalcio.it/serie-a/squadre/parma/lovik/6965/2025-26,2025-26
2653,Lykogiannis,D,DS/E,BOL,5,2,10,5,2,10,21,,,,https://www.fantacalcio.it/serie-a/squadre/bologna/lykogiannis/2653/2025-26,2025-26
7149,Marin M.,C,M/C,PIS,6,2,8,6,2,10,53,,,,https://www.fantacalcio.it/serie-a/squadre/pisa/marin-m/7149/2025-26,2025-26
4904,Marì,D,DC,FIO,7,2,8,7,2,8,26,,,,https://www.fantacalcio.it/serie-a/squadre/fiorentina/marì/4904/2025-26,2025-26
49,Masina,D,B/DS/E,TOR,3,2,8,4,2,10,11,,,,https://www.fantacalcio.it/serie-a/squadre/torino/masina/49/2025-26,2025-26
6411,Mateus Lusuardi,D,DC,PIS,4,2,5,4,2,5,8,,,,https://www.fantacalcio.it/serie-a/squadre/pisa/mateus-lusuardi/6411/2025-26,2025-26
7381,Mikolajewski,A,PC,PAR,1,2,1,1,2,1,3,,,,https://www.fantacalcio.it/serie-a/squadre/parma/mikolajewski/7381/2025-26,2025-26
6189,Missori,D,DD/E,SAS,2,2,5,2,2,5,0,False,15,panchina,https://www.fantacalcio.it/serie-a/squadre/sassuolo/missori/6189/2025-26,2025-26
7356,Mlacic,D,DC,UDI,3,2,9,3,2,9,8,,,,https://www.fantacalcio.it/serie-a/squadre/udinese/mlacic/7356/2025-26,2025-26
313,Morata,A,PC,COM,18,2,10,18,2,10,45,,,,https://www.fantacalcio.it/serie-a/squadre/como/morata/313/2025-26,2025-26
6555,Moumbagna,A,PC,CRE,6,2,5,6,2,5,13,,,,https://www.fantacalcio.it/serie-a/squadre/cremonese/moumbagna/6555/2025-26,2025-26
7202,Ndiaye,D,DC,PAR,4,2,5,4,2,5,29,False,35,panchina,https://www.fantacalcio.it/serie-a/squadre/parma/ndiaye/7202/2025-26,2025-26
5540,Niasse,C,M/C,VER,3,2,9,3,2,11,42,,,,https://www.fantacalcio.it/serie-a/squadre/verona/niasse/5540/2025-26,2025-26
5156,Nkounkou,D,DS/E,TOR,3,2,8,3,2,8,21,,,,https://www.fantacalcio.it/serie-a/squadre/torino/nkounkou/5156/2025-26,2025-26
6977,Otoa,D,DC,GEN,2,2,9,2,2,9,26,False,40,panchina,https://www.fantacalcio.it/serie-a/squadre/genoa/otoa/6977/2025-26,2025-26
6925,Palma,D,DC,UDI,1,2,4,1,2,4,11,,,,https://www.fantacalcio.it/serie-a/squadre/udinese/palma/6925/2025-26,2025-26
5857,Pickel,C,M/C,CRE,2,2,3,2,2,3,0,,,,https://www.fantacalcio.it/serie-a/squadre/cremonese/pickel/5857/2025-26,2025-26
1842,Pierini,A,A,SAS,5,2,8,5,2,8,11,,,,https://www.fantacalcio.it/serie-a/squadre/sassuolo/pierini/1842/2025-26,2025-26
5860,Ravanelli,D,DC,CRE,2,2,3,2,2,3,0,,,,https://www.fantacalcio.it/serie-a/squadre/cremonese/ravanelli/5860/2025-26,2025-26
6804,Richardson,C,M/C,FIO,4,2,8,4,2,9,3,,,,https://www.fantacalcio.it/serie-a/squadre/fiorentina/richardson/6804/2025-26,2025-26
4459,Rovella,C,M/C,LAZ,8,2,8,9,2,10,29,True,90,titolare,https://www.fantacalcio.it/serie-a/squadre/lazio/rovella/4459/2025-26,2025-26
294,Rugani,D,DC,FIO,3,2,10,3,2,10,21,False,15,panchina,https://www.fantacalcio.it/serie-a/squadre/fiorentina/rugani/294/2025-26,2025-26
7141,Rus,D,DD/DC,PIS,2,2,3,2,2,4,0,,,,https://www.fantacalcio.it/serie-a/squadre/pisa/rus/7141/2025-26,2025-26
5788,Sabiri,C,T,FIO,2,2,4,2,2,4,3,,,,https://www.fantacalcio.it/serie-a/squadre/fiorentina/sabiri/5788/2025-26,2025-26
7011,Slotsager,D,DC,VER,2,2,7,2,2,7,16,,,,https://www.fantacalcio.it/serie-a/squadre/verona/slotsager/7011/2025-26,2025-26
7336,Tchoca,D,DC,TOR,2,2,5,2,2,5,0,,,,https://www.fantacalcio.it/serie-a/squadre/torino/tchoca/7336/2025-26,2025-26
6980,Venturino,C,W,ROM,3,2,12,3,2,12,18,,,,https://www.fantacalcio.it/serie-a/squadre/roma/venturino/6980/2025-26,2025-26
5718,Viti,D,DC,FIO,4,2,7,4,2,7,16,,,,https://www.fantacalcio.it/serie-a/squadre/fiorentina/viti/5718/2025-26,2025-26
7260,Ziolkowski,D,DC,ROM,3,2,9,3,2,9,24,False,10,panchina,https://www.fantacalcio.it/serie-a/squadre/roma/ziolkowski/7260/2025-26,2025-26
6885,Abdulhamid,D,DD/E,ROM,1,1,1,1,1,1,0,,,,https://www.fantacalcio.it/serie-a/squadre/roma/abdulhamid/6885/2025-26,2025-26
7183,Aboukhlal,A,A,TOR,9,1,8,9,1,8,29,False,55,panchina,https://www.fantacalcio.it/serie-a/squadre/torino/aboukhlal/7183/2025-26,2025-26
6677,Adzic,C,C/T,JUV,1,1,1,1,1,1,11,True,100,titolare,https://www.fantacalcio.it/serie-a/squadre/juventus/adzic/6677/2025-26,2025-26
388,Albiol,D,DC,PIS,5,1,8,5,1,8,21,,,,https://www.fantacalcio.it/serie-a/squadre/pisa/albiol/388/2025-26,2025-26
2553,Alli,C,T,COM,1,1,1,1,1,1,0,,,,https://www.fantacalcio.it/serie-a/squadre/como/alli/2553/2025-26,2025-26
7151,Arena,C,W/T,PIS,1,1,5,1,1,5,0,,,,https://www.fantacalcio.it/serie-a/squadre/pisa/arena/7151/2025-26,2025-26
7277,Arena A.,A,PC,ROM,1,1,1,1,1,1,3,,,,https://www.fantacalcio.it/serie-a/squadre/roma/arena-a/7277/2025-26,2025-26
7027,Azon,A,PC,COM,1,1,5,1,1,3,0,False,15,panchina,https://www.fantacalcio.it/serie-a/squadre/como/azon/7027/2025-26,2025-26
7262,Balentien,A,A,MIL,1,1,1,1,1,1,0,,,,https://www.fantacalcio.it/serie-a/squadre/milan/balentien/7262/2025-26,2025-26
5516,Bianco,C,M/C,FIO,1,1,2,1,1,3,0,,,,https://www.fantacalcio.it/serie-a/squadre/fiorentina/bianco/5516/2025-26,2025-26
7152,Bonfanti N.,A,PC,PIS,1,1,2,1,1,2,0,,,,https://www.fantacalcio.it/serie-a/squadre/pisa/bonfanti-n/7152/2025-26,2025-26
7325,Bozhinov,D,DC,PIS,2,1,8,2,1,8,21,,,,https://www.fantacalcio.it/serie-a/squadre/pisa/bozhinov/7325/2025-26,2025-26
6656,Braunoder,C,M/C,COM,1,1,1,1,1,1,0,,,,https://www.fantacalcio.it/serie-a/squadre/como/braunoder/6656/2025-26,2025-26
7171,Buffon L.,A,A,PIS,1,1,1,1,1,1,0,,,,https://www.fantacalcio.it/serie-a/squadre/pisa/buffon-l/7171/2025-26,2025-26
7042,Calligaris,P,POR,INT,1,1,1,1,1,1,0,,,,https://www.fantacalcio.it/serie-a/squadre/inter/calligaris/7042/2025-26,2025-26
6985,Candè,D,DS/DC,SAS,6,1,5,6,1,7,21,,,,https://www.fantacalcio.it/serie-a/squadre/sassuolo/candè/6985/2025-26,2025-26
5498,Casale,D,DC,BOL,4,1,9,4,1,9,26,False,30,panchina,https://www.fantacalcio.it/serie-a/squadre/bologna/casale/5498/2025-26,2025-26
7261,Cavlina,P,POR,COM,1,1,1,1,1,1,0,,,,https://www.fantacalcio.it/serie-a/squadre/como/cavlina/7261/2025-26,2025-26
1891,Ceccherini,D,DD/DC,CRE,4,1,7,4,1,9,21,,,,https://www.fantacalcio.it/serie-a/squadre/cremonese/ceccherini/1891/2025-26,2025-26
4929,Ciocci,P,POR,CAG,1,1,1,1,1,1,0,,,,https://www.fantacalcio.it/serie-a/squadre/cagliari/ciocci/4929/2025-26,2025-26
6618,Cissè A.,C,W/T,VER,1,1,1,1,1,1,0,True,100,titolare,https://www.fantacalcio.it/serie-a/squadre/verona/cissè-a/6618/2025-26,2025-26
2845,Contini,P,POR,NAP,1,1,1,1,1,1,0,False,1,panchina,https://www.fantacalcio.it/serie-a/squadre/napoli/contini/2845/2025-26,2025-26
7140,Coppola F.,D,DC,PIS,1,1,4,1,1,4,13,,,,https://www.fantacalcio.it/serie-a/squadre/pisa/coppola-f/7140/2025-26,2025-26
7276,Cremaschi,C,C,PAR,5,1,8,5,1,8,3,False,30,panchina,https://www.fantacalcio.it/serie-a/squadre/parma/cremaschi/7276/2025-26,2025-26
7025,Cuenca H.,C,W/T,GEN,1,1,1,1,1,1,0,,,,https://www.fantacalcio.it/serie-a/squadre/genoa/cuenca-h/7025/2025-26,2025-26
6826,Dembelè A.,D,DD/E,TOR,1,1,2,1,1,2,3,,,,https://www.fantacalcio.it/serie-a/squadre/torino/dembelè-a/6826/2025-26,2025-26
7196,Denoon,D,DC,PIS,2,1,4,2,1,4,5,,,,https://www.fantacalcio.it/serie-a/squadre/pisa/denoon/7196/2025-26,2025-26
1926,Di Gennaro,P,POR,INT,1,1,1,1,1,1,3,False,1,panchina,https://www.fantacalcio.it/serie-a/squadre/inter/di-gennaro/1926/2025-26,2025-26
216,Donnarumma An.,P,POR,TOR,1,1,1,1,1,1,0,,,,https://www.fantacalcio.it/serie-a/squadre/torino/donnarumma-an/216/2025-26,2025-26
7142,Esteves T.,D,DD/E,PIS,1,1,2,1,1,2,0,,,,https://www.fantacalcio.it/serie-a/squadre/pisa/esteves-t/7142/2025-26,2025-26
6870,Faye,D,DC,CRE,4,1,5,4,1,5,18,,,,https://www.fantacalcio.it/serie-a/squadre/cremonese/faye/6870/2025-26,2025-26
7285,Ferrante,P,POR,NAP,1,1,1,1,1,1,0,,,,https://www.fantacalcio.it/serie-a/squadre/napoli/ferrante/7285/2025-26,2025-26
7319,Fofana Sa.,C,M/C,LEC,1,1,6,1,1,6,5,False,40,panchina,https://www.fantacalcio.it/serie-a/squadre/lecce/fofana-sa/7319/2025-26,2025-26
7213,Frigan,A,PC,PAR,7,1,5,6,1,5,0,False,40,panchina,https://www.fantacalcio.it/serie-a/squadre/parma/frigan/7213/2025-26,2025-26
2401,Fruchtl,P,POR,LEC,1,1,1,1,1,1,0,,,,https://www.fantacalcio.it/serie-a/squadre/lecce/fruchtl/2401/2025-26,2025-26
6657,Gabrielloni,A,PC,COM,1,1,1,1,1,1,0,,,,https://www.fantacalcio.it/serie-a/squadre/como/gabrielloni/6657/2025-26,2025-26
7383,Giacomone,P,POR,LAZ,1,1,1,1,1,1,0,,,,https://www.fantacalcio.it/serie-a/squadre/lazio/giacomone/7383/2025-26,2025-26
5899,Gigot,D,DC,LAZ,4,1,3,4,1,3,0,,,,https://www.fantacalcio.it/serie-a/squadre/lazio/gigot/5899/2025-26,2025-26
5324,Godfrey,D,B/DD/DS,ATA,1,1,1,1,1,1,0,,,,https://www.fantacalcio.it/serie-a/squadre/atalanta/godfrey/5324/2025-26,2025-26
418,Goldaniga,D,DC,COM,4,1,6,4,1,6,0,False,20,panchina,https://www.fantacalcio.it/serie-a/squadre/como/goldaniga/418/2025-26,2025-26
610,Gollini,P,POR,ROM,1,1,1,1,1,1,0,False,5,panchina,https://www.fantacalcio.it/serie-a/squadre/roma/gollini/610/2025-26,2025-26
140,Hysaj,D,DD/DS/E,LAZ,3,1,4,3,1,4,5,,,,https://www.fantacalcio.it/serie-a/squadre/lazio/hysaj/140/2025-26,2025-26
5007,Ilic,C,C,TOR,7,1,8,7,1,8,21,False,55,panchina,https://www.fantacalcio.it/serie-a/squadre/torino/ilic/5007/2025-26,2025-26
6551,Ilic M.,D,DC,BOL,1,1,2,1,1,2,0,,,,https://www.fantacalcio.it/serie-a/squadre/bologna/ilic-m/6551/2025-26,2025-26
7309,Isaac,A,PC,VER,1,1,1,1,1,1,3,,,,https://www.fantacalcio.it/serie-a/squadre/verona/isaac/7309/2025-26,2025-26
7179,Israel,P,POR,TOR,9,1,1,9,1,1,24,,,,https://www.fantacalcio.it/serie-a/squadre/torino/israel/7179/2025-26,2025-26
2117,Kastanos,C,C/T,VER,4,1,8,4,1,8,3,,,,https://www.fantacalcio.it/serie-a/squadre/verona/kastanos/2117/2025-26,2025-26
7238,Kouadio,D,DC,FIO,1,1,1,1,1,1,3,True,100,titolare,https://www.fantacalcio.it/serie-a/squadre/fiorentina/kouadio/7238/2025-26,2025-26
2762,Kouamè,A,A,FIO,1,1,1,1,1,1,3,,,,https://www.fantacalcio.it/serie-a/squadre/fiorentina/kouamè/2762/2025-26,2025-26
7136,Kouassi,D,DD/DC,LEC,4,1,4,5,1,4,11,,,,https://www.fantacalcio.it/serie-a/squadre/lecce/kouassi/7136/2025-26,2025-26
7357,Lahdo,C,C/T,COM,2,1,5,2,1,5,0,False,15,panchina,https://www.fantacalcio.it/serie-a/squadre/como/lahdo/7357/2025-26,2025-26
6351,Lamptey,D,DD/DS/E,FIO,4,1,5,5,1,5,3,,,,https://www.fantacalcio.it/serie-a/squadre/fiorentina/lamptey/6351/2025-26,2025-26
158,Lezzerini,P,POR,FIO,1,1,1,1,1,1,0,False,1,panchina,https://www.fantacalcio.it/serie-a/squadre/fiorentina/lezzerini/158/2025-26,2025-26
6678,Liberali,C,W/T,MIL,1,1,1,1,1,1,0,False,55,panchina,https://www.fantacalcio.it/serie-a/squadre/milan/liberali/6678/2025-26,2025-26
7165,Liteta,C,M/C,CAG,1,1,6,1,1,8,11,False,20,panchina,https://www.fantacalcio.it/serie-a/squadre/cagliari/liteta/7165/2025-26,2025-26
6482,Mandas,P,POR,LAZ,3,1,1,3,1,1,0,True,90,titolare,https://www.fantacalcio.it/serie-a/squadre/lazio/mandas/6482/2025-26,2025-26
6645,Marchwinski,C,T,LEC,1,1,2,1,1,2,0,,,,https://www.fantacalcio.it/serie-a/squadre/lecce/marchwinski/6645/2025-26,2025-26
6184,Martinelli T.,P,POR,FIO,1,1,1,1,1,1,0,,,,https://www.fantacalcio.it/serie-a/squadre/fiorentina/martinelli-t/6184/2025-26,2025-26
7170,Mbambi,D,DC,PIS,1,1,2,1,1,2,0,,,,https://www.fantacalcio.it/serie-a/squadre/pisa/mbambi/7170/2025-26,2025-26
2012,Milik,A,PC,JUV,1,1,5,1,1,5,5,False,25,panchina,https://www.fantacalcio.it/serie-a/squadre/juventus/milik/2012/2025-26,2025-26
7158,Moro L.,A,PC,SAS,1,1,1,1,1,1,16,,,,https://www.fantacalcio.it/serie-a/squadre/sassuolo/moro-l/7158/2025-26,2025-26
7388,Mosconi,A,A,INT,1,1,1,1,1,1,0,,,,https://www.fantacalcio.it/serie-a/squadre/inter/mosconi/7388/2025-26,2025-26
7134,Nasti,A,PC,CRE,1,1,3,1,1,2,0,,,,https://www.fantacalcio.it/serie-a/squadre/cremonese/nasti/7134/2025-26,2025-26
6505,Nava,P,POR,CRE,1,1,1,1,1,1,0,,,,https://www.fantacalcio.it/serie-a/squadre/cremonese/nava/6505/2025-26,2025-26
7182,Ndaba,D,DS/E,LEC,1,1,7,1,1,7,24,False,55,panchina,https://www.fantacalcio.it/serie-a/squadre/lecce/ndaba/7182/2025-26,2025-26
2271,Nicolas,P,POR,PIS,1,1,1,1,1,1,16,,,,https://www.fantacalcio.it/serie-a/squadre/pisa/nicolas/2271/2025-26,2025-26
7185,Nunziante,P,POR,UDI,1,1,1,1,1,1,0,,,,https://www.fantacalcio.it/serie-a/squadre/udinese/nunziante/7185/2025-26,2025-26
7154,Odenthal,D,DC,SAS,3,1,7,3,1,7,0,False,40,panchina,https://www.fantacalcio.it/serie-a/squadre/sassuolo/odenthal/7154/2025-26,2025-26
7271,Odogu,D,DC,MIL,2,1,5,2,1,5,0,,,,https://www.fantacalcio.it/serie-a/squadre/milan/odogu/7271/2025-26,2025-26
6538,Onana J.,C,M/C,GEN,2,1,4,2,1,4,5,,,,https://www.fantacalcio.it/serie-a/squadre/genoa/onana-j/6538/2025-26,2025-26
543,Padelli,P,POR,UDI,1,1,1,1,1,1,5,False,1,panchina,https://www.fantacalcio.it/serie-a/squadre/udinese/padelli/543/2025-26,2025-26
5824,Pafundi,C,T/A,UDI,1,1,6,1,1,6,0,,,,https://www.fantacalcio.it/serie-a/squadre/udinese/pafundi/5824/2025-26,2025-26
6874,Palacios T.,D,DC,INT,1,1,1,1,1,1,0,,,,https://www.fantacalcio.it/serie-a/squadre/inter/palacios-t/6874/2025-26,2025-26
7382,Pannozzo,P,POR,LAZ,1,1,1,1,1,1,0,,,,https://www.fantacalcio.it/serie-a/squadre/lazio/pannozzo/7382/2025-26,2025-26
6431,Paz Y.,D,DD/E,SAS,1,1,3,1,1,3,0,,,,https://www.fantacalcio.it/serie-a/squadre/sassuolo/paz-y/6431/2025-26,2025-26
7164,Perez M.,D,DD/DC,LEC,1,1,2,1,1,2,3,,,,https://www.fantacalcio.it/serie-a/squadre/lecce/perez-m/7164/2025-26,2025-26
511,Perilli,P,POR,VER,1,1,1,1,1,1,8,,,,https://www.fantacalcio.it/serie-a/squadre/verona/perilli/511/2025-26,2025-26
7156,Pieragnolo,D,DS/E,SAS,2,1,3,2,1,3,0,,,,https://www.fantacalcio.it/serie-a/squadre/sassuolo/pieragnolo/7156/2025-26,2025-26
6633,Pierret,C,M/C,LEC,6,1,9,7,1,11,3,,,,https://www.fantacalcio.it/serie-a/squadre/lecce/pierret/6633/2025-26,2025-26
1930,Pinsoglio,P,POR,JUV,1,1,1,1,1,1,0,False,1,panchina,https://www.fantacalcio.it/serie-a/squadre/juventus/pinsoglio/1930/2025-26,2025-26
6635,Pizarro,A,PC,UDI,1,1,3,1,1,2,0,,,,https://www.fantacalcio.it/serie-a/squadre/udinese/pizarro/6635/2025-26,2025-26
6210,Popa,P,POR,TOR,1,1,1,1,1,1,0,,,,https://www.fantacalcio.it/serie-a/squadre/torino/popa/6210/2025-26,2025-26
7345,Przyborek,C,W/T,LAZ,2,1,6,2,1,6,0,False,20,panchina,https://www.fantacalcio.it/serie-a/squadre/lazio/przyborek/7345/2025-26,2025-26
5891,Quagliata,D,DS/E,CRE,1,1,2,1,1,2,0,,,,https://www.fantacalcio.it/serie-a/squadre/cremonese/quagliata/5891/2025-26,2025-26
3,Radunovic,P,POR,CAG,1,1,1,1,1,1,0,False,1,panchina,https://www.fantacalcio.it/serie-a/squadre/cagliari/radunovic/3/2025-26,2025-26
6222,Rafia,C,C/T,LEC,3,1,7,3,1,7,0,,,,https://www.fantacalcio.it/serie-a/squadre/lecce/rafia/6222/2025-26,2025-26
7346,Raterink,D,DD/E,CAG,1,1,1,1,1,1,0,,,,https://www.fantacalcio.it/serie-a/squadre/cagliari/raterink/7346/2025-26,2025-26
5338,Rinaldi,P,POR,PAR,1,1,1,1,1,1,3,,,,https://www.fantacalcio.it/serie-a/squadre/parma/rinaldi/5338/2025-26,2025-26
2076,Rog,C,M/C,CAG,1,1,1,1,1,1,0,,,,https://www.fantacalcio.it/serie-a/squadre/cagliari/rog/2076/2025-26,2025-26
2279,Romagna,D,DC,SAS,4,1,8,4,1,8,13,,,,https://www.fantacalcio.it/serie-a/squadre/sassuolo/romagna/2279/2025-26,2025-26
2297,Rossi F.,P,POR,ATA,1,1,1,1,1,1,0,,,,https://www.fantacalcio.it/serie-a/squadre/atalanta/rossi-f/2297/2025-26,2025-26
6803,Rouhi,D,DS/E,JUV,1,1,4,1,1,4,0,,,,https://www.fantacalcio.it/serie-a/squadre/juventus/rouhi/6803/2025-26,2025-26
6900,Rui Modesto,D,E,UDI,3,1,7,2,1,7,5,,,,https://www.fantacalcio.it/serie-a/squadre/udinese/rui-modesto/6900/2025-26,2025-26
4518,Russo A.,P,POR,SAS,1,1,1,1,1,1,0,,,,https://www.fantacalcio.it/serie-a/squadre/sassuolo/russo-a/4518/2025-26,2025-26
7246,Sala A.,C,C,LEC,3,1,9,3,1,9,11,,,,https://www.fantacalcio.it/serie-a/squadre/lecce/sala-a/7246/2025-26,2025-26
6523,Samooja,P,POR,LEC,1,1,1,1,1,1,0,,,,https://www.fantacalcio.it/serie-a/squadre/lecce/samooja/6523/2025-26,2025-26
7177,Santiago,C,C,VER,2,1,2,2,1,2,0,,,,https://www.fantacalcio.it/serie-a/squadre/verona/santiago/7177/2025-26,2025-26
2127,Satalino,P,POR,SAS,1,1,1,1,1,1,0,False,1,panchina,https://www.fantacalcio.it/serie-a/squadre/sassuolo/satalino/2127/2025-26,2025-26
6842,Sava,P,POR,UDI,4,1,1,4,1,1,18,,,,https://www.fantacalcio.it/serie-a/squadre/udinese/sava/6842/2025-26,2025-26
6041,Schuurs,D,DC,TOR,3,1,5,3,1,5,0,,,,https://www.fantacalcio.it/serie-a/squadre/torino/schuurs/6041/2025-26,2025-26
574,Scuffet,P,POR,PIS,3,1,1,3,1,1,18,,,,https://www.fantacalcio.it/serie-a/squadre/pisa/scuffet/574/2025-26,2025-26
2847,Sernicola,D,DD/DS/E,CRE,1,1,1,1,1,1,0,,,,https://www.fantacalcio.it/serie-a/squadre/cremonese/sernicola/2847/2025-26,2025-26
6650,Sherri,P,POR,CAG,1,1,1,1,1,1,0,False,5,panchina,https://www.fantacalcio.it/serie-a/squadre/cagliari/sherri/6650/2025-26,2025-26
6991,Siegrist,P,POR,GEN,1,1,1,1,1,1,0,,,,https://www.fantacalcio.it/serie-a/squadre/genoa/siegrist/6991/2025-26,2025-26
2211,Silvestri,P,POR,CRE,1,1,1,1,1,1,11,,,,https://www.fantacalcio.it/serie-a/squadre/cremonese/silvestri/2211/2025-26,2025-26
7363,Siviero,P,POR,TOR,1,1,1,1,1,1,0,False,1,panchina,https://www.fantacalcio.it/serie-a/squadre/torino/siviero/7363/2025-26,2025-26
7159,Skjellerup,A,PC,SAS,1,1,1,1,1,1,0,,,,https://www.fantacalcio.it/serie-a/squadre/sassuolo/skjellerup/7159/2025-26,2025-26
219,Sommariva,P,POR,GEN,1,1,1,1,1,1,5,False,1,panchina,https://www.fantacalcio.it/serie-a/squadre/genoa/sommariva/219/2025-26,2025-26
4,Sportiello,P,POR,ATA,1,1,1,1,1,1,3,False,5,panchina,https://www.fantacalcio.it/serie-a/squadre/atalanta/sportiello/4/2025-26,2025-26
7135,Stanciu,C,C/T,GEN,8,1,5,8,1,5,11,,,,https://www.fantacalcio.it/serie-a/squadre/genoa/stanciu/7135/2025-26,2025-26
5561,Stengs,C,W/T,PIS,11,1,8,11,1,8,3,,,,https://www.fantacalcio.it/serie-a/squadre/pisa/stengs/5561/2025-26,2025-26
4890,Tameze,C,M/C,TOR,5,1,9,5,1,12,45,,,,https://www.fantacalcio.it/serie-a/squadre/torino/tameze/4890/2025-26,2025-26
2815,Terracciano,P,POR,MIL,1,1,1,1,1,1,5,False,5,panchina,https://www.fantacalcio.it/serie-a/squadre/milan/terracciano/2815/2025-26,2025-26
7236,Toniolo,P,POR,VER,1,1,1,1,1,1,0,,,,https://www.fantacalcio.it/serie-a/squadre/verona/toniolo/7236/2025-26,2025-26
7301,Tornqvist,P,POR,COM,1,1,1,1,1,1,0,False,5,panchina,https://www.fantacalcio.it/serie-a/squadre/como/tornqvist/7301/2025-26,2025-26
6813,Torriani,P,POR,MIL,1,1,1,1,1,1,0,False,1,panchina,https://www.fantacalcio.it/serie-a/squadre/milan/torriani/6813/2025-26,2025-26
7317,Trepy,A,PC,CAG,1,1,1,1,1,1,8,,,,https://www.fantacalcio.it/serie-a/squadre/cagliari/trepy/7317/2025-26,2025-26
2274,Valoti,C,C/T,CRE,7,1,3,7,1,3,0,,,,https://www.fantacalcio.it/serie-a/squadre/cremonese/valoti/2274/2025-26,2025-26
6125,Vasquez D.,P,POR,ROM,1,1,1,1,1,1,0,,,,https://www.fantacalcio.it/serie-a/squadre/roma/vasquez-d/6125/2025-26,2025-26
7368,Vermesan,A,PC,VER,1,1,1,1,1,1,3,,,,https://www.fantacalcio.it/serie-a/squadre/verona/vermesan/7368/2025-26,2025-26
6636,Veroli,D,DS/DC,CAG,1,1,1,1,1,1,0,,,,https://www.fantacalcio.it/serie-a/squadre/cagliari/veroli/6636/2025-26,2025-26
2809,Vigorito,P,POR,COM,1,1,1,1,1,1,0,False,1,panchina,https://www.fantacalcio.it/serie-a/squadre/como/vigorito/2809/2025-26,2025-26
5610,Vranckx,C,M/C,SAS,4,1,9,5,1,10,37,,,,https://www.fantacalcio.it/serie-a/squadre/sassuolo/vranckx/5610/2025-26,2025-26
6464,Wieteska,D,DC,CAG,1,1,2,1,1,2,0,,,,https://www.fantacalcio.it/serie-a/squadre/cagliari/wieteska/6464/2025-26,2025-26
7169,Zelezny,P,POR,ROM,1,1,1,1,1,1,0,,,,https://www.fantacalcio.it/serie-a/squadre/roma/zelezny/7169/2025-26,2025-26
6537,Goglichidze,D,DD/DC,UDI,4,0,0,4,0,0,16,False,30,panchina,https://www.fantacalcio.it/serie-a/squadre/udinese/goglichidze/6537/2025-26,2025-26
4179,Gonzalez N.,A,W/A,JUV,12,0,0,12,0,0,0,False,35,panchina,https://www.fantacalcio.it/serie-a/squadre/juventus/gonzalez-n/4179/2025-26,2025-26
